FECHA,COMB. GANADORA,,,,,,ESTRELLAS,
13/10/2020,05,14,38,41,46,,01,10
9/10/2020,11,15,35,41,50,,05,08
6/10/2020,04,21,36,41,47,,09,11
2/10/2020,06,12,15,40,45,,03,09
29/09/2020,04,14,16,41,44,,11,12
25/09/2020,19,23,34,37,45,,01,07
22/09/2020,16,25,28,39,40,,01,06
18/09/2020,02,10,19,25,45,,01,07
15/09/2020,16,20,25,30,38,,06,08
11/09/2020,34,38,42,43,45,,09,12
8/09/2020,02,09,31,35,41,,09,12
4/09/2020,06,22,29,40,43,,04,07
1/09/2020,04,08,10,33,46,,08,11
28/08/2020,07,12,16,17,31,,07,09
25/08/2020,07,18,30,37,39,,08,10
21/08/2020,10,15,35,44,50,,03,05
18/08/2020,06,12,17,34,42,,05,12
14/08/2020,09,10,19,42,49,,04,12
11/08/2020,08,13,14,42,50,,03,09
7/08/2020,05,20,21,36,41,,06,11
4/08/2020,01,02,05,15,42,,05,08
31/07/2020,21,24,30,46,49,,02,05
28/07/2020,09,13,15,17,34,,02,07
24/07/2020,08,09,27,28,50,,04,12
21/07/2020,14,15,24,29,42,,02,04
17/07/2020,07,15,27,41,43,,07,09
14/07/2020,11,22,30,37,47,,09,10
10/07/2020,15,17,23,30,38,,02,07
7/07/2020,12,16,23,33,41,,08,10
3/07/2020,04,16,27,37,39,,03,06
30/06/2020,01,06,11,28,42,,02,10
26/06/2020,01,10,12,21,26,,05,11
23/06/2020,02,12,19,46,49,,01,08
19/06/2020,05,14,19,24,43,,03,11
16/06/2020,04,09,11,17,39,,02,10
12/06/2020,02,24,39,45,46,,04,08
9/06/2020,05,15,27,36,46,,02,08
5/06/2020,05,11,17,24,37,,03,06
2/06/2020,10,12,22,26,49,,07,11
29/05/2020,04,08,11,19,46,,04,08
26/05/2020,04,09,14,21,27,,04,06
22/05/2020,03,18,22,27,32,,02,07
19/05/2020,05,25,32,37,43,,06,07
15/05/2020,11,23,32,34,39,,01,06
12/05/2020,09,16,29,37,39,,04,11
8/05/2020,08,25,32,33,38,,07,09
5/05/2020,02,10,22,27,41,,02,03
1/05/2020,19,20,38,45,47,,02,06
28/04/2020,15,23,26,28,32,,01,05
24/04/2020,01,05,19,21,28,,04,07
21/04/2020,10,11,14,23,28,,06,08
17/04/2020,16,28,32,37,45,,01,11
14/04/2020,06,29,34,35,40,,04,11
10/04/2020,03,10,17,33,39,,01,04
7/04/2020,04,05,14,33,48,,07,12
3/04/2020,16,19,34,46,50,,02,06
31/03/2020,12,17,24,30,36,,01,09
27/03/2020,11,14,27,41,46,,02,03
24/03/2020,07,12,26,30,33,,10,11
20/03/2020,03,09,20,34,40,,06,12
17/03/2020,05,07,08,16,20,,02,12
13/03/2020,03,11,21,27,36,,09,10
10/03/2020,11,23,30,37,43,,05,12
6/03/2020,15,38,43,45,46,,01,11
3/03/2020,04,14,27,44,45,,01,10
28/02/2020,08,11,20,22,23,,03,04
25/02/2020,01,04,18,27,42,,04,06
21/02/2020,07,23,30,32,45,,05,09
18/02/2020,11,32,34,38,47,,02,10
14/02/2020,05,20,35,41,49,,06,10
11/02/2020,24,26,32,43,46,,06,10
7/02/2020,09,15,17,25,40,,03,09
4/02/2020,21,23,33,35,47,,06,07
31/01/2020,13,18,20,23,30,,02,04
28/01/2020,01,19,27,31,38,,04,05
24/01/2020,03,04,06,09,24,,05,08
21/01/2020,10,11,24,36,46,,03,05
17/01/2020,08,19,20,29,44,,03,08
14/01/2020,21,25,29,39,44,,08,09
10/01/2020,06,17,32,44,46,,02,06
7/01/2020,05,08,12,37,43,,06,11
3/01/2020,05,15,20,36,47,,08,12
31/12/2019,26,31,33,41,48,,02,04
27/12/2019,01,07,22,26,35,,05,10
24/12/2019,03,11,13,14,47,,03,06
20/12/2019,08,24,30,32,34,,03,04
17/12/2019,01,07,12,25,49,,06,09
13/12/2019,09,16,18,23,32,,02,10
10/12/2019,02,10,19,21,47,,02,08
6/12/2019,01,03,27,39,46,,01,10
3/12/2019,18,31,32,38,48,,04,12
29/11/2019,03,07,12,42,50,,06,08
26/11/2019,02,03,15,19,34,,05,08
22/11/2019,03,21,32,34,48,,03,11
19/11/2019,08,10,15,30,42,,04,06
15/11/2019,03,13,20,32,34,,04,11
12/11/2019,01,21,23,25,39,,02,04
8/11/2019,08,17,20,23,45,,02,08
5/11/2019,09,14,25,33,48,,02,12
1/11/2019,02,20,39,44,48,,05,07
29/10/2019,16,18,28,42,49,,05,10
25/10/2019,34,37,39,40,50,,04,10
22/10/2019,02,05,32,33,47,,07,08
18/10/2019,08,18,22,41,42,,11,12
15/10/2019,03,28,31,32,34,,04,05
11/10/2019,02,14,19,42,45,,05,06
8/10/2019,07,10,15,44,49,,03,12
4/10/2019,06,09,35,41,44,,06,09
1/10/2019,02,11,18,40,46,,01,04
27/09/2019,24,37,41,43,46,,02,08
24/09/2019,02,33,42,47,48,,01,02
20/09/2019,08,21,25,38,50,,04,08
17/09/2019,22,37,43,44,45,,01,12
13/09/2019,01,12,27,42,47,,06,07
10/09/2019,03,22,25,30,49,,03,06
6/09/2019,10,13,22,40,48,,02,05
3/09/2019,07,11,38,39,44,,07,10
30/08/2019,25,27,45,46,49,,04,06
27/08/2019,08,26,35,43,47,,01,09
23/08/2019,04,17,35,42,45,,02,08
20/08/2019,20,22,23,24,37,,01,04
16/08/2019,09,10,27,37,42,,01,05
13/08/2019,13,29,31,33,40,,02,03
9/08/2019,02,14,35,41,42,,10,11
6/08/2019,12,13,29,36,38,,04,12
2/08/2019,13,22,33,44,50,,02,05
30/07/2019,15,20,23,27,40,,03,06
26/07/2019,02,05,27,37,42,,03,10
23/07/2019,01,14,19,23,38,,03,07
19/07/2019,13,14,17,26,28,,02,07
16/07/2019,03,05,13,18,39,,07,08
12/07/2019,02,31,39,45,47,,04,08
9/07/2019,07,29,32,36,41,,06,07
5/07/2019,02,09,20,34,42,,06,09
2/07/2019,11,19,29,44,45,,08,12
28/06/2019,01,03,16,33,49,,02,11
25/06/2019,06,26,27,34,46,,01,09
21/06/2019,05,08,09,25,39,,03,07
18/06/2019,12,24,37,40,44,,03,07
14/06/2019,01,13,30,31,39,,02,07
11/06/2019,25,27,39,42,46,,11,12
7/06/2019,01,04,16,20,34,,02,05
4/06/2019,09,31,32,39,41,,02,08
31/05/2019,01,23,24,26,35,,01,11
28/05/2019,07,19,20,28,29,,01,05
24/05/2019,05,16,23,30,49,,06,07
21/05/2019,32,33,34,39,47,,08,12
17/05/2019,16,28,42,43,45,,06,07
14/05/2019,10,14,17,25,50,,02,10
10/05/2019,01,04,27,45,48,,01,07
7/05/2019,07,20,26,32,47,,02,11
3/05/2019,02,09,20,27,43,,05,06
30/04/2019,05,12,20,26,48,,02,11
26/04/2019,14,33,35,47,50,,09,11
23/04/2019,18,23,27,42,44,,02,07
19/04/2019,07,08,32,41,49,,05,11
16/04/2019,01,08,15,44,49,,02,11
12/04/2019,01,28,35,36,46,,06,09
9/04/2019,18,21,29,38,41,,01,11
5/04/2019,01,07,10,29,45,,03,05
2/04/2019,02,09,16,26,36,,06,07
29/03/2019,13,23,26,32,47,,06,10
26/03/2019,12,19,23,43,47,,02,06
22/03/2019,04,17,26,30,43,,06,11
19/03/2019,01,06,09,34,47,,07,12
15/03/2019,03,15,24,42,46,,09,12
12/03/2019,05,07,13,19,31,,02,09
8/03/2019,17,18,19,24,40,,04,08
5/03/2019,06,10,16,39,46,,08,11
1/03/2019,06,09,19,26,31,,11,12
26/02/2019,03,15,29,35,47,,03,04
22/02/2019,03,27,29,33,50,,03,07
19/02/2019,01,08,18,19,39,,07,09
15/02/2019,15,27,34,38,49,,02,10
12/02/2019,06,34,36,41,50,,01,05
8/02/2019,11,12,13,39,46,,07,10
5/02/2019,14,25,31,37,43,,02,03
1/02/2019,03,21,26,41,46,,01,06
29/01/2019,14,24,26,32,39,,03,08
25/01/2019,01,06,13,15,16,,06,10
22/01/2019,09,23,29,41,49,,08,10
18/01/2019,05,06,16,30,46,,05,10
15/01/2019,22,25,29,33,35,,03,06
11/01/2019,01,19,31,39,48,,01,06
8/01/2019,03,19,22,31,32,,02,11
4/01/2019,07,11,19,27,37,,06,10
1/01/2019,01,08,11,25,28,,04,06
28/12/2018,13,16,34,35,45,,10,12
25/12/2018,04,05,08,31,43,,02,09
21/12/2018,02,12,15,34,50,,03,04
18/12/2018,01,09,18,39,48,,05,07
14/12/2018,12,29,38,42,44,,02,12
11/12/2018,04,07,13,23,42,,01,03
7/12/2018,11,17,26,37,48,,01,10
4/12/2018,19,20,21,42,45,,08,09
30/11/2018,03,10,12,23,26,,01,12
27/11/2018,04,16,17,18,32,,02,11
23/11/2018,05,08,25,26,30,,03,10
20/11/2018,06,19,39,45,48,,07,12
16/11/2018,09,10,13,28,41,,01,12
13/11/2018,02,07,10,13,42,,03,06
9/11/2018,14,17,32,37,49,,11,12
6/11/2018,14,24,36,40,43,,02,09
2/11/2018,05,15,17,37,44,,07,11
30/10/2018,17,23,27,43,44,,01,12
26/10/2018,05,18,21,31,35,,06,09
23/10/2018,01,02,05,21,32,,02,12
19/10/2018,01,03,29,47,48,,03,12
16/10/2018,15,28,37,40,42,,01,06
12/10/2018,04,09,12,31,43,,05,08
9/10/2018,03,12,36,44,45,,08,11
5/10/2018,08,16,24,26,35,,03,11
2/10/2018,07,17,29,37,45,,03,11
28/09/2018,02,04,08,27,50,,02,09
25/09/2018,06,15,20,30,38,,04,07
21/09/2018,05,07,21,25,37,,03,04
18/09/2018,03,08,10,32,45,,04,12
14/09/2018,01,03,33,40,45,,03,04
11/09/2018,09,18,32,38,46,,02,03
7/09/2018,04,23,27,31,50,,01,08
4/09/2018,05,14,28,30,47,,04,11
31/08/2018,04,30,31,38,42,,04,06
28/08/2018,04,16,32,42,46,,08,12
24/08/2018,03,14,31,36,50,,01,12
21/08/2018,16,23,42,43,49,,10,12
17/08/2018,02,15,18,24,43,,08,12
14/08/2018,01,15,18,25,31,,09,11
10/08/2018,18,20,36,43,44,,03,09
7/08/2018,16,28,29,30,36,,08,10
3/08/2018,07,26,36,38,43,,06,12
31/07/2018,20,25,34,42,45,,06,11
27/07/2018,11,17,22,23,41,,06,11
24/07/2018,02,04,23,39,40,,03,09
20/07/2018,02,15,40,43,46,,03,06
17/07/2018,04,06,27,48,50,,01,11
13/07/2018,01,04,14,21,49,,02,12
10/07/2018,03,08,26,33,45,,07,10
6/07/2018,08,30,33,38,48,,02,10
3/07/2018,01,12,15,29,48,,03,05
29/06/2018,15,21,23,40,48,,03,12
26/06/2018,15,16,20,34,50,,04,07
22/06/2018,14,25,39,41,44,,02,08
19/06/2018,07,19,26,42,50,,04,09
15/06/2018,23,26,33,38,49,,01,12
12/06/2018,07,21,23,36,38,,06,08
8/06/2018,08,19,32,43,46,,02,08
5/06/2018,09,15,22,39,46,,04,05
1/06/2018,17,18,24,29,40,,04,05
29/05/2018,06,11,20,38,43,,02,04
25/05/2018,13,15,16,28,41,,04,05
22/05/2018,01,11,37,41,48,,08,12
18/05/2018,05,08,10,13,31,,03,06
15/05/2018,04,16,20,31,39,,02,12
11/05/2018,03,22,34,49,50,,08,11
8/05/2018,17,25,35,39,44,,02,05
4/05/2018,06,12,23,39,45,,09,12
1/05/2018,06,15,17,42,48,,04,06
27/04/2018,12,24,40,41,46,,05,12
24/04/2018,20,23,28,30,44,,03,07
20/04/2018,03,16,25,39,44,,07,11
17/04/2018,15,27,33,39,50,,04,06
13/04/2018,05,25,34,48,50,,06,07
10/04/2018,14,27,39,46,48,,11,12
6/04/2018,01,29,33,45,47,,04,08
3/04/2018,03,08,16,40,43,,05,08
30/03/2018,12,17,28,35,47,,07,11
27/03/2018,17,20,23,40,46,,09,10
23/03/2018,05,07,11,46,50,,08,11
20/03/2018,26,29,37,39,44,,09,11
16/03/2018,04,17,24,27,31,,10,11
13/03/2018,09,11,13,33,49,,06,12
9/03/2018,09,14,21,32,44,,01,12
6/03/2018,15,20,26,31,44,,02,09
2/03/2018,02,07,34,45,48,,01,12
27/02/2018,03,31,41,48,50,,08,11
23/02/2018,10,17,18,28,47,,03,07
20/02/2018,06,14,19,25,29,,05,11
16/02/2018,10,12,23,32,50,,04,10
13/02/2018,10,13,17,21,44,,01,10
9/02/2018,22,31,36,38,44,,01,11
6/02/2018,08,17,28,34,38,,06,12
2/02/2018,14,34,36,39,48,,02,03
30/01/2018,11,15,21,27,35,,04,05
26/01/2018,06,15,24,28,48,,04,09
23/01/2018,05,08,09,23,24,,07,08
19/01/2018,03,08,17,44,50,,02,07
16/01/2018,20,23,31,34,46,,03,12
12/01/2018,13,21,23,30,45,,04,06
9/01/2018,06,12,15,38,49,,02,09
5/01/2018,02,05,20,38,41,,04,08
2/01/2018,10,20,21,28,48,,01,08
29/12/2017,04,08,22,23,48,,01,12
26/12/2017,04,17,30,43,44,,02,10
22/12/2017,05,24,30,31,43,,03,06
19/12/2017,08,15,30,38,46,,04,07
15/12/2017,25,30,31,42,50,,02,11
12/12/2017,20,37,39,44,50,,04,08
8/12/2017,04,22,30,32,34,,03,04
5/12/2017,11,36,43,44,48,,02,07
1/12/2017,05,24,29,35,46,,11,12
28/11/2017,01,06,12,18,42,,02,07
24/11/2017,19,24,28,30,50,,03,10
21/11/2017,02,10,14,28,31,,05,07
17/11/2017,20,26,35,36,42,,05,12
14/11/2017,14,16,39,40,41,,08,10
10/11/2017,13,22,29,36,37,,01,09
7/11/2017,07,19,20,37,41,,02,12
3/11/2017,05,12,17,33,41,,04,09
31/10/2017,01,12,36,43,46,,03,05
27/10/2017,03,16,23,32,39,,01,04
24/10/2017,09,11,13,27,33,,07,10
20/10/2017,04,17,23,27,30,,03,08
17/10/2017,13,17,19,26,36,,02,03
13/10/2017,23,29,37,45,50,,05,11
10/10/2017,04,21,34,36,37,,03,06
6/10/2017,01,09,15,19,25,,01,07
3/10/2017,06,24,32,48,50,,01,05
29/09/2017,07,18,19,32,48,,03,07
26/09/2017,01,29,40,41,48,,06,12
22/09/2017,06,11,31,39,42,,01,03
19/09/2017,01,08,21,30,45,,02,03
15/09/2017,13,18,37,44,49,,09,12
12/09/2017,10,17,27,29,35,,04,11
8/09/2017,09,24,42,47,49,,01,05
5/09/2017,06,09,18,28,29,,01,09
1/09/2017,03,07,08,14,49,,05,08
29/08/2017,04,12,15,32,38,,01,05
25/08/2017,01,05,07,15,47,,09,12
22/08/2017,03,10,12,17,27,,03,05
18/08/2017,02,24,39,42,45,,02,08
15/08/2017,10,14,30,35,46,,04,10
11/08/2017,18,28,39,46,48,,05,12
8/08/2017,15,25,26,40,41,,04,05
4/08/2017,29,30,36,40,41,,02,09
1/08/2017,14,21,24,29,30,,08,10
28/07/2017,05,09,29,31,41,,02,04
25/07/2017,12,14,43,44,48,,02,11
21/07/2017,01,08,09,26,49,,05,09
18/07/2017,01,25,27,41,45,,05,07
14/07/2017,11,14,20,21,47,,07,10
11/07/2017,14,22,26,42,50,,08,10
7/07/2017,11,20,35,37,45,,03,06
4/07/2017,10,22,25,37,49,,05,08
30/06/2017,17,35,39,47,50,,06,08
27/06/2017,09,17,21,28,45,,01,03
23/06/2017,03,04,21,31,38,,03,07
20/06/2017,11,18,26,43,44,,08,10
16/06/2017,15,17,38,41,42,,09,12
13/06/2017,03,12,22,27,49,,04,11
9/06/2017,09,20,27,39,43,,10,11
6/06/2017,20,22,25,37,40,,03,07
2/06/2017,08,10,24,33,42,,03,09
30/05/2017,07,12,27,38,48,,06,09
26/05/2017,05,07,26,36,39,,02,10
23/05/2017,08,15,25,27,42,,01,04
19/05/2017,09,11,12,19,30,,04,09
16/05/2017,08,11,15,20,30,,03,08
12/05/2017,02,20,28,29,44,,03,09
9/05/2017,08,12,16,22,26,,06,07
5/05/2017,03,07,30,35,43,,01,03
2/05/2017,06,19,23,25,27,,11,12
28/04/2017,14,20,25,30,39,,02,08
25/04/2017,09,11,19,32,43,,03,09
21/04/2017,02,13,16,22,49,,04,05
18/04/2017,17,22,31,38,45,,05,12
14/04/2017,04,14,20,23,33,,06,10
11/04/2017,05,21,22,31,49,,02,08
7/04/2017,02,10,19,35,50,,06,07
4/04/2017,01,09,24,33,34,,02,06
31/03/2017,17,24,26,28,45,,04,12
28/03/2017,09,13,31,33,46,,06,10
24/03/2017,02,17,21,27,34,,05,09
21/03/2017,01,20,23,44,47,,04,11
17/03/2017,06,10,19,29,36,,03,09
14/03/2017,03,05,21,36,44,,03,06
10/03/2017,31,36,38,47,49,,08,11
7/03/2017,06,37,41,48,50,,04,05
3/03/2017,02,11,29,30,47,,01,12
28/02/2017,10,20,31,35,42,,02,12
24/02/2017,02,04,13,22,43,,08,09
21/02/2017,13,19,41,45,49,,03,04
17/02/2017,19,25,33,36,48,,02,09
14/02/2017,02,10,24,40,44,,03,10
10/02/2017,07,21,26,35,43,,02,09
7/02/2017,04,10,31,38,44,,08,10
3/02/2017,03,04,15,46,50,,05,09
31/01/2017,03,04,17,23,44,,06,09
27/01/2017,17,20,28,45,48,,05,09
24/01/2017,01,05,07,17,23,,03,08
20/01/2017,10,17,27,31,49,,03,05
17/01/2017,04,16,25,43,47,,02,10
13/01/2017,03,07,16,26,50,,04,07
10/01/2017,02,11,29,35,44,,04,09
6/01/2017,10,14,18,21,49,,09,11
3/01/2017,19,23,27,34,49,,01,11
30/12/2016,08,10,22,29,47,,01,03
27/12/2016,03,22,25,32,39,,07,12
23/12/2016,04,16,20,39,46,,02,05
20/12/2016,13,15,17,21,27,,02,03
16/12/2016,06,10,30,41,45,,04,11
13/12/2016,14,28,29,48,50,,02,08
9/12/2016,06,12,28,37,40,,01,05
6/12/2016,01,07,11,27,45,,04,09
2/12/2016,06,11,23,31,32,,02,12
29/11/2016,21,26,27,28,38,,09,11
25/11/2016,05,11,17,23,28,,10,11
22/11/2016,05,10,33,34,47,,02,10
18/11/2016,03,12,27,32,47,,06,08
15/11/2016,07,15,36,42,48,,03,07
11/11/2016,03,22,23,38,49,,02,09
8/11/2016,05,09,47,49,50,,08,09
4/11/2016,07,11,12,44,48,,03,07
1/11/2016,06,10,20,29,37,,01,09
28/10/2016,10,16,19,23,43,,02,08
25/10/2016,03,15,20,21,28,,01,05
21/10/2016,09,20,23,44,48,,08,10
18/10/2016,02,17,21,25,27,,06,09
14/10/2016,07,13,19,31,34,,01,11
11/10/2016,05,12,20,24,37,,04,11
7/10/2016,02,12,20,27,30,,09,11
4/10/2016,04,07,14,34,38,,04,11
30/09/2016,17,35,37,43,44,,02,10
27/09/2016,06,09,13,39,41,,02,12
23/09/2016,14,16,39,42,49,,03,09
20/09/2016,01,04,10,41,45,,06,09
16/09/2016,05,08,14,22,32,,02,11
13/09/2016,04,07,16,35,44,,01,03
9/09/2016,04,11,15,17,28,,01,03
6/09/2016,12,24,30,34,45,,07,10
2/09/2016,08,16,32,40,50,,02,11
30/08/2016,13,16,29,35,42,,06,08
26/08/2016,01,09,28,30,48,,07,08
23/08/2016,02,23,31,37,45,,04,08
19/08/2016,05,06,22,25,34,,05,07
16/08/2016,02,26,34,37,46,,04,08
12/08/2016,02,15,28,36,50,,02,11
9/08/2016,12,19,43,44,45,,05,10
5/08/2016,16,19,24,35,37,,02,07
2/08/2016,02,08,27,38,46,,02,06
29/07/2016,01,21,26,40,50,,02,04
26/07/2016,03,10,13,45,49,,02,11
22/07/2016,07,24,26,37,45,,05,09
19/07/2016,19,24,28,36,37,,03,06
15/07/2016,02,11,13,14,21,,01,08
12/07/2016,03,07,26,33,41,,02,10
8/07/2016,08,12,18,33,44,,04,08
5/07/2016,01,10,29,38,48,,03,04
1/07/2016,02,11,13,40,50,,01,10
28/06/2016,26,32,37,43,49,,04,05
24/06/2016,11,19,27,28,39,,03,10
21/06/2016,05,17,32,35,49,,01,05
17/06/2016,01,07,18,27,43,,04,08
14/06/2016,13,34,39,42,50,,09,11
10/06/2016,14,21,35,42,43,,07,09
7/06/2016,19,26,35,45,49,,02,05
3/06/2016,07,23,31,33,39,,06,10
31/05/2016,06,12,26,30,48,,06,07
27/05/2016,13,25,27,43,46,,04,08
24/05/2016,16,17,23,34,37,,06,09
20/05/2016,09,14,30,41,45,,04,09
17/05/2016,15,27,32,36,39,,03,10
13/05/2016,07,15,28,31,42,,10,11
10/05/2016,02,26,27,40,49,,05,10
6/05/2016,32,34,40,45,48,,01,10
3/05/2016,08,23,24,34,38,,03,07
29/04/2016,04,05,25,28,43,,06,11
26/04/2016,10,17,31,32,42,,02,05
22/04/2016,17,26,32,34,43,,02,10
19/04/2016,11,14,15,27,44,,02,07
15/04/2016,13,14,32,37,48,,01,07
12/04/2016,01,05,09,22,38,,02,10
8/04/2016,06,08,26,43,49,,06,10
5/04/2016,03,05,09,19,40,,02,05
1/04/2016,02,16,23,25,49,,06,09
29/03/2016,01,04,19,25,36,,03,11
25/03/2016,12,19,36,42,43,,05,08
22/03/2016,12,15,26,42,49,,05,08
18/03/2016,14,19,21,24,49,,05,11
15/03/2016,05,07,10,34,44,,02,10
11/03/2016,01,21,26,40,43,,06,09
8/03/2016,01,08,09,14,23,,01,07
4/03/2016,09,14,16,23,40,,01,05
1/03/2016,04,07,13,28,37,,10,11
26/02/2016,05,13,15,33,50,,09,11
23/02/2016,23,25,32,37,42,,01,11
19/02/2016,13,14,30,32,39,,03,09
16/02/2016,03,10,22,37,50,,06,10
12/02/2016,03,20,28,31,49,,02,05
9/02/2016,06,09,13,28,37,,04,05
5/02/2016,03,27,32,41,46,,04,08
2/02/2016,06,09,10,21,36,,02,06
29/01/2016,01,05,23,29,32,,01,07
26/01/2016,15,24,38,40,48,,02,09
22/01/2016,10,12,27,30,47,,08,09
19/01/2016,02,30,38,43,46,,02,07
15/01/2016,10,19,38,43,46,,01,11
12/01/2016,01,02,10,30,44,,01,08
8/01/2016,05,26,33,35,40,,03,08
5/01/2016,06,10,31,36,39,,06,10
1/01/2016,04,37,38,39,44,,04,07
29/12/2015,05,20,31,32,36,,06,07
25/12/2015,03,10,25,27,40,,03,09
22/12/2015,18,19,20,40,41,,07,10
18/12/2015,06,22,26,29,48,,05,06
15/12/2015,08,11,23,27,35,,04,11
11/12/2015,03,05,21,40,43,,06,11
8/12/2015,12,17,29,38,48,,09,11
4/12/2015,08,17,18,27,39,,01,07
1/12/2015,02,15,25,35,45,,08,10
27/11/2015,16,29,30,37,50,,06,08
24/11/2015,09,14,16,17,26,,10,11
20/11/2015,04,30,34,46,49,,07,08
17/11/2015,06,07,23,37,38,,10,11
13/11/2015,10,17,18,33,40,,02,08
10/11/2015,06,13,18,39,43,,02,08
6/11/2015,03,17,26,38,40,,04,10
3/11/2015,08,27,39,46,49,,02,06
30/10/2015,08,13,17,21,34,,06,07
27/10/2015,11,12,20,25,36,,06,09
23/10/2015,07,25,30,32,39,,02,08
20/10/2015,17,19,21,30,45,,08,10
16/10/2015,07,28,29,43,48,,03,10
13/10/2015,12,15,26,29,47,,03,11
9/10/2015,01,40,42,43,47,,09,11
6/10/2015,11,20,22,29,32,,01,08
2/10/2015,07,18,21,32,35,,02,11
29/09/2015,11,14,26,29,49,,03,09
25/09/2015,13,14,23,30,37,,02,08
22/09/2015,14,23,26,27,29,,07,10
18/09/2015,07,29,33,34,39,,07,08
15/09/2015,08,15,17,44,49,,05,08
11/09/2015,10,18,19,29,50,,01,09
8/09/2015,14,16,39,40,42,,01,04
4/09/2015,08,09,27,45,50,,08,10
1/09/2015,06,19,21,27,45,,01,08
28/08/2015,11,29,30,31,34,,04,07
25/08/2015,27,31,33,42,50,,02,05
21/08/2015,04,16,18,43,47,,06,10
18/08/2015,07,10,11,12,19,,02,09
14/08/2015,04,07,39,44,45,,03,05
11/08/2015,02,03,08,15,16,,04,11
7/08/2015,01,05,21,39,44,,04,11
4/08/2015,10,15,39,45,50,,09,10
31/07/2015,16,21,34,40,50,,06,09
28/07/2015,23,32,36,43,49,,07,08
24/07/2015,02,09,21,35,46,,02,11
21/07/2015,14,20,27,29,44,,07,10
17/07/2015,01,21,22,43,48,,07,09
14/07/2015,06,18,19,34,36,,01,08
10/07/2015,05,08,15,35,41,,04,05
7/07/2015,06,07,18,33,41,,03,10
3/07/2015,11,12,15,18,44,,03,09
30/06/2015,11,15,28,34,37,,01,08
26/06/2015,03,06,10,19,24,,05,07
23/06/2015,04,16,22,38,49,,06,09
19/06/2015,07,14,20,31,42,,03,09
16/06/2015,10,15,16,36,37,,03,09
12/06/2015,05,08,10,11,37,,07,09
9/06/2015,05,09,17,32,34,,06,08
5/06/2015,02,07,08,45,48,,01,09
2/06/2015,07,23,29,37,41,,01,08
29/05/2015,03,04,20,45,48,,06,08
26/05/2015,05,06,07,21,24,,05,06
22/05/2015,18,24,35,44,45,,05,11
19/05/2015,26,30,31,35,37,,08,11
15/05/2015,05,35,42,44,47,,08,09
12/05/2015,14,29,30,40,46,,03,06
8/05/2015,07,14,19,47,49,,03,10
5/05/2015,01,10,17,20,42,,08,09
1/05/2015,03,19,20,25,26,,06,10
28/04/2015,24,26,28,36,45,,07,10
24/04/2015,05,19,29,31,40,,03,10
21/04/2015,06,14,17,42,45,,01,08
17/04/2015,02,24,30,34,39,,08,11
14/04/2015,24,32,34,35,49,,01,02
10/04/2015,22,23,25,30,43,,05,09
7/04/2015,18,25,39,44,50,,05,08
3/04/2015,27,29,37,39,49,,02,04
31/03/2015,08,20,24,28,49,,08,09
27/03/2015,02,30,32,39,44,,06,10
24/03/2015,10,24,26,39,40,,03,10
20/03/2015,03,14,37,42,48,,01,10
17/03/2015,11,23,26,38,44,,01,08
13/03/2015,04,05,18,22,23,,01,03
10/03/2015,02,06,23,30,31,,02,10
6/03/2015,23,30,47,49,50,,02,07
3/03/2015,06,08,11,13,21,,07,08
27/02/2015,05,14,17,25,47,,09,10
24/02/2015,03,25,28,34,50,,01,11
20/02/2015,04,10,14,37,46,,04,07
17/02/2015,02,05,18,30,43,,01,10
13/02/2015,12,24,39,42,44,,03,11
10/02/2015,13,17,20,30,45,,09,10
6/02/2015,10,26,30,39,50,,07,08
3/02/2015,17,31,33,44,50,,07,11
30/01/2015,09,13,15,19,24,,03,08
27/01/2015,05,10,31,33,40,,08,10
23/01/2015,06,29,30,38,45,,01,08
20/01/2015,15,33,41,44,47,,08,10
16/01/2015,29,30,32,34,46,,03,06
13/01/2015,08,17,21,31,34,,09,10
9/01/2015,06,21,24,32,45,,01,11
6/01/2015,14,20,30,38,49,,03,04
2/01/2015,22,24,25,28,49,,03,06
30/12/2014,06,18,39,44,50,,08,11
26/12/2014,17,26,27,45,49,,02,03
23/12/2014,08,09,19,25,49,,02,10
19/12/2014,23,29,31,39,44,,05,08
16/12/2014,03,07,12,13,25,,05,08
12/12/2014,02,15,28,31,37,,04,06
9/12/2014,01,03,31,42,46,,04,11
5/12/2014,05,08,37,47,48,,02,03
2/12/2014,03,15,25,44,49,,01,09
28/11/2014,06,10,15,23,41,,04,10
25/11/2014,03,07,25,32,36,,01,06
21/11/2014,04,07,28,32,37,,05,10
18/11/2014,02,03,17,36,38,,04,11
14/11/2014,17,32,36,38,48,,05,08
11/11/2014,02,14,21,36,46,,07,11
7/11/2014,13,25,32,38,46,,01,10
4/11/2014,01,06,13,17,26,,03,05
31/10/2014,10,13,20,33,41,,03,09
28/10/2014,10,15,17,40,45,,01,02
24/10/2014,03,09,20,30,42,,01,06
21/10/2014,20,21,27,33,40,,03,10
17/10/2014,01,13,40,48,49,,08,10
14/10/2014,04,05,15,23,32,,03,07
10/10/2014,06,29,42,45,47,,09,10
7/10/2014,09,21,28,30,38,,01,08
3/10/2014,04,13,23,48,50,,05,10
30/09/2014,03,13,15,33,42,,05,07
26/09/2014,13,27,35,46,47,,01,02
23/09/2014,12,13,14,29,35,,01,07
19/09/2014,06,08,34,38,48,,03,09
16/09/2014,04,29,30,35,50,,02,04
12/09/2014,09,13,26,31,33,,07,11
9/09/2014,08,15,19,24,35,,08,10
5/09/2014,01,18,23,46,50,,03,09
2/09/2014,05,25,31,39,45,,01,08
29/08/2014,02,09,26,32,38,,03,06
26/08/2014,10,22,36,45,48,,04,11
22/08/2014,04,17,29,35,49,,01,02
19/08/2014,04,07,11,34,47,,07,08
15/08/2014,04,05,21,23,30,,08,10
12/08/2014,07,16,19,22,33,,02,05
8/08/2014,21,29,35,43,46,,01,09
5/08/2014,05,07,19,21,42,,05,11
1/08/2014,24,44,46,48,50,,05,10
29/07/2014,10,23,35,40,43,,03,09
25/07/2014,09,10,12,24,43,,05,09
22/07/2014,01,24,43,45,50,,05,08
18/07/2014,01,11,29,41,43,,03,11
15/07/2014,15,18,20,27,34,,01,03
11/07/2014,05,22,35,38,49,,04,07
8/07/2014,08,18,22,24,27,,04,11
4/07/2014,04,18,39,43,47,,02,06
1/07/2014,18,22,25,27,39,,05,10
27/06/2014,31,33,34,39,45,,02,10
24/06/2014,01,07,20,21,48,,04,07
20/06/2014,05,15,25,38,49,,01,02
17/06/2014,11,13,37,40,48,,08,09
13/06/2014,16,18,22,28,46,,09,11
10/06/2014,12,18,21,32,33,,01,11
6/06/2014,07,25,34,40,49,,09,11
3/06/2014,02,15,32,39,44,,05,10
30/05/2014,05,24,27,41,45,,06,07
27/05/2014,07,13,16,25,26,,01,06
23/05/2014,03,08,31,34,47,,09,11
20/05/2014,05,33,36,38,47,,04,09
16/05/2014,23,26,29,37,40,,03,04
13/05/2014,04,13,30,34,47,,02,06
9/05/2014,03,21,26,28,45,,07,10
6/05/2014,05,19,24,31,37,,01,09
2/05/2014,04,30,31,38,42,,02,11
29/04/2014,18,23,26,35,44,,03,11
25/04/2014,13,21,24,44,49,,01,09
22/04/2014,13,15,20,24,46,,01,08
18/04/2014,21,24,31,39,47,,03,07
15/04/2014,03,14,26,47,50,,07,11
11/04/2014,08,12,19,30,33,,04,11
8/04/2014,11,18,29,42,49,,04,11
4/04/2014,06,10,28,45,50,,10,11
1/04/2014,16,18,26,38,44,,08,10
28/03/2014,03,04,19,28,43,,03,07
25/03/2014,07,20,26,28,50,,02,08
21/03/2014,07,30,37,39,42,,05,07
18/03/2014,08,27,34,36,39,,05,10
14/03/2014,06,24,25,27,30,,05,09
11/03/2014,01,04,23,33,44,,07,08
7/03/2014,05,10,38,40,41,,01,08
4/03/2014,03,05,22,27,44,,01,06
28/02/2014,12,32,38,43,44,,02,07
25/02/2014,21,25,28,35,42,,04,06
21/02/2014,13,17,28,30,32,,05,07
18/02/2014,23,26,36,37,49,,06,07
14/02/2014,02,04,06,19,39,,02,07
11/02/2014,08,17,25,41,47,,01,02
7/02/2014,03,17,19,46,47,,09,10
4/02/2014,01,21,33,37,38,,04,08
31/01/2014,08,10,15,16,31,,08,09
28/01/2014,18,20,23,42,48,,02,09
24/01/2014,05,19,34,35,41,,01,05
21/01/2014,04,12,35,42,48,,05,08
17/01/2014,19,26,32,33,42,,04,10
14/01/2014,18,20,25,26,37,,10,11
10/01/2014,01,02,11,27,29,,01,10
7/01/2014,02,20,27,33,45,,06,10
3/01/2014,03,27,31,38,44,,03,08
31/12/2013,13,20,24,29,45,,03,07
27/12/2013,01,06,13,22,28,,05,10
24/12/2013,05,19,31,43,50,,02,06
20/12/2013,12,13,17,22,43,,03,10
17/12/2013,06,08,27,37,41,,07,10
13/12/2013,01,22,23,24,31,,06,11
10/12/2013,06,24,35,49,50,,01,07
6/12/2013,01,02,18,31,36,,07,10
3/12/2013,06,13,15,29,32,,02,09
29/11/2013,02,07,10,23,43,,04,07
26/11/2013,19,23,27,42,44,,03,05
22/11/2013,13,25,26,40,50,,08,09
19/11/2013,14,15,19,36,45,,01,10
15/11/2013,03,13,15,29,42,,01,04
12/11/2013,14,29,37,40,48,,02,11
8/11/2013,20,28,35,42,43,,08,10
5/11/2013,06,12,13,35,38,,02,03
1/11/2013,07,19,29,30,33,,03,08
29/10/2013,09,10,30,32,37,,02,06
25/10/2013,02,03,10,31,38,,06,10
22/10/2013,29,33,39,41,44,,09,11
18/10/2013,05,25,36,46,47,,02,06
15/10/2013,18,27,39,43,47,,04,07
11/10/2013,06,12,17,23,43,,05,09
8/10/2013,23,24,26,33,42,,03,05
4/10/2013,06,20,24,35,50,,05,10
1/10/2013,19,23,25,44,48,,08,09
27/09/2013,11,15,38,41,43,,02,06
24/09/2013,10,20,26,28,43,,09,11
20/09/2013,05,11,35,38,45,,02,03
17/09/2013,13,17,21,42,44,,09,11
13/09/2013,04,06,14,27,33,,05,10
10/09/2013,07,11,14,28,30,,02,10
6/09/2013,11,23,25,32,37,,04,07
3/09/2013,05,09,16,18,42,,07,09
30/08/2013,02,17,25,36,45,,05,09
27/08/2013,07,30,38,40,43,,02,06
23/08/2013,01,06,26,30,37,,05,08
20/08/2013,05,11,42,49,50,,08,11
16/08/2013,20,24,27,37,39,,05,10
13/08/2013,05,17,20,47,50,,01,04
9/08/2013,04,07,09,23,24,,08,09
6/08/2013,16,17,31,47,49,,03,11
2/08/2013,21,36,37,42,48,,04,07
30/07/2013,03,04,11,14,43,,01,06
26/07/2013,12,23,29,38,49,,03,04
23/07/2013,14,15,16,19,44,,04,05
19/07/2013,13,16,24,26,35,,02,05
16/07/2013,19,23,34,47,50,,04,06
12/07/2013,18,26,32,33,42,,02,03
9/07/2013,16,18,31,38,49,,04,10
5/07/2013,04,12,15,28,33,,01,10
2/07/2013,11,13,14,28,30,,04,05
28/06/2013,01,15,28,35,47,,01,07
25/06/2013,04,05,13,27,35,,01,02
21/06/2013,10,11,30,36,45,,01,02
18/06/2013,17,24,33,41,44,,01,11
14/06/2013,10,25,41,47,48,,06,10
11/06/2013,05,07,09,25,41,,01,05
7/06/2013,07,14,26,45,50,,02,07
4/06/2013,31,33,34,37,40,,01,06
31/05/2013,27,28,29,34,43,,05,10
28/05/2013,08,13,26,34,38,,03,11
24/05/2013,07,17,22,27,40,,02,03
21/05/2013,07,08,19,28,29,,05,09
17/05/2013,06,20,24,25,50,,09,10
14/05/2013,07,08,24,27,36,,05,11
10/05/2013,01,32,35,45,48,,04,11
7/05/2013,13,27,28,42,43,,04,06
3/05/2013,03,05,34,40,49,,02,03
30/04/2013,13,36,40,43,50,,05,09
26/04/2013,11,16,24,38,40,,02,05
23/04/2013,01,04,07,10,50,,04,11
19/04/2013,01,08,42,46,48,,04,07
16/04/2013,01,11,22,33,50,,04,06
12/04/2013,05,10,15,28,45,,03,09
9/04/2013,15,35,38,44,48,,05,10
5/04/2013,01,11,17,32,39,,02,07
2/04/2013,12,17,25,29,41,,01,04
29/03/2013,13,30,43,44,46,,05,09
26/03/2013,04,26,30,42,44,,06,11
22/03/2013,12,27,32,34,49,,08,09
19/03/2013,19,32,35,37,44,,01,09
15/03/2013,04,14,21,24,39,,03,10
12/03/2013,02,04,10,22,50,,05,08
8/03/2013,03,20,23,28,42,,08,11
5/03/2013,08,19,31,33,39,,02,07
1/03/2013,01,11,29,36,42,,04,05
26/02/2013,03,12,13,17,30,,02,06
22/02/2013,15,16,28,36,37,,02,11
19/02/2013,12,15,28,30,44,,08,09
15/02/2013,02,04,22,28,42,,04,09
12/02/2013,05,11,16,25,28,,07,09
8/02/2013,09,11,14,34,44,,10,11
5/02/2013,06,25,31,40,45,,06,07
1/02/2013,05,21,34,37,38,,01,06
29/01/2013,09,16,26,36,39,,02,06
25/01/2013,03,10,18,31,37,,02,04
22/01/2013,01,10,44,45,48,,01,04
18/01/2013,04,26,27,30,39,,03,10
15/01/2013,22,38,40,42,47,,01,11
11/01/2013,04,22,29,37,41,,04,07
8/01/2013,02,20,22,26,47,,05,09
4/01/2013,04,10,22,27,41,,08,10
1/01/2013,02,07,08,36,49,,01,11
28/12/2012,17,24,26,27,49,,03,05
25/12/2012,14,18,20,23,32,,03,10
21/12/2012,03,05,22,40,42,,03,10
18/12/2012,14,18,20,35,44,,02,05
14/12/2012,10,11,29,40,43,,03,11
11/12/2012,01,04,09,43,50,,06,08
7/12/2012,10,16,18,31,42,,02,05
4/12/2012,05,10,28,29,44,,02,04
30/11/2012,10,18,23,24,40,,03,04
27/11/2012,06,10,23,44,49,,01,07
23/11/2012,01,09,11,20,40,,01,05
20/11/2012,28,30,42,45,49,,05,10
16/11/2012,10,15,19,23,41,,02,09
13/11/2012,11,16,21,24,29,,02,06
9/11/2012,14,21,22,28,47,,04,05
6/11/2012,07,20,25,35,41,,01,09
2/11/2012,03,06,10,11,44,,03,04
30/10/2012,23,24,25,31,44,,02,03
26/10/2012,05,06,09,27,38,,05,11
23/10/2012,01,28,35,38,50,,02,10
19/10/2012,16,29,37,40,44,,08,10
16/10/2012,10,32,40,41,49,,02,08
12/10/2012,06,07,17,35,43,,02,08
9/10/2012,02,08,10,23,25,,08,09
5/10/2012,09,16,18,19,21,,02,03
2/10/2012,04,16,21,36,42,,07,08
28/09/2012,20,23,26,30,33,,06,09
25/09/2012,07,25,27,48,49,,01,04
21/09/2012,04,19,34,41,43,,07,11
18/09/2012,06,07,38,39,44,,07,09
14/09/2012,03,10,23,27,44,,07,09
11/09/2012,06,15,22,37,44,,02,04
7/09/2012,13,15,30,35,42,,04,06
4/09/2012,11,17,18,39,44,,05,10
31/08/2012,16,28,31,33,48,,07,11
28/08/2012,01,18,25,26,44,,04,05
24/08/2012,05,06,12,19,37,,03,07
21/08/2012,04,05,17,38,48,,03,04
17/08/2012,19,25,28,33,44,,02,08
14/08/2012,01,16,38,42,45,,09,10
10/08/2012,11,17,21,48,50,,09,10
7/08/2012,20,27,34,46,50,,02,03
3/08/2012,24,34,35,42,46,,01,05
30/07/2012,04,29,35,36,39,,08,09
27/07/2012,14,15,21,23,48,,02,10
24/07/2012,04,16,18,25,44,,01,11
20/07/2012,10,19,23,45,49,,09,10
17/07/2012,02,07,24,43,46,,08,10
13/07/2012,08,18,25,35,46,,04,09
10/07/2012,01,03,16,24,37,,01,08
6/07/2012,31,32,38,40,42,,01,03
3/07/2012,02,07,22,27,40,,03,06
29/06/2012,14,17,28,29,39,,01,11
26/06/2012,01,11,20,22,35,,08,10
22/06/2012,14,18,19,43,49,,03,07
19/06/2012,07,17,20,35,50,,05,11
15/06/2012,10,22,27,38,48,,03,07
12/06/2012,08,15,26,30,48,,09,10
8/06/2012,05,11,22,34,40,,09,11
5/06/2012,13,34,37,47,49,,08,09
1/06/2012,02,04,14,26,36,,09,10
29/05/2012,08,15,17,25,28,,03,11
25/05/2012,12,22,35,46,49,,02,08
22/05/2012,16,31,32,37,41,,01,07
18/05/2012,13,29,43,47,50,,09,11
15/05/2012,02,11,13,26,50,,02,05
11/05/2012,01,13,17,38,44,,02,11
8/05/2012,03,21,34,38,48,,05,08
4/05/2012,03,26,39,40,41,,01,02
1/05/2012,04,05,15,19,41,,09,11
27/04/2012,20,27,30,36,43,,01,06
24/04/2012,08,09,24,43,48,,03,05
20/04/2012,03,06,29,32,41,,10,11
17/04/2012,10,28,33,48,49,,01,10
13/04/2012,08,13,26,39,43,,03,05
10/04/2012,22,25,27,36,37,,05,09
6/04/2012,11,20,30,35,45,,02,03
3/04/2012,01,08,18,25,30,,09,10
30/03/2012,04,17,23,36,46,,06,10
27/03/2012,24,27,29,34,36,,07,08
23/03/2012,09,15,23,31,50,,08,11
20/03/2012,15,16,28,30,46,,03,04
16/03/2012,03,04,12,23,50,,04,07
13/03/2012,01,10,25,43,47,,08,09
9/03/2012,03,32,36,39,47,,06,09
6/03/2012,23,24,27,37,47,,02,06
2/03/2012,05,06,11,30,44,,02,06
28/02/2012,01,10,17,33,48,,02,03
24/02/2012,03,07,12,26,34,,08,10
21/02/2012,11,14,24,25,29,,07,11
17/02/2012,04,11,28,38,47,,10,11
14/02/2012,14,27,36,42,46,,08,11
10/02/2012,03,08,14,31,41,,07,11
7/02/2012,03,15,17,28,33,,02,04
3/02/2012,16,19,20,25,28,,01,10
31/01/2012,09,34,38,43,45,,02,04
27/01/2012,10,13,19,39,44,,02,06
24/01/2012,01,02,06,20,36,,08,11
20/01/2012,02,10,22,27,28,,06,08
17/01/2012,12,22,30,31,44,,05,06
13/01/2012,13,14,21,27,39,,06,08
10/01/2012,04,09,10,30,40,,02,09
6/01/2012,01,06,10,12,31,,02,07
3/01/2012,03,30,42,45,49,,05,10
30/12/2011,16,36,43,44,50,,07,08
27/12/2011,19,21,25,26,44,,03,07
23/12/2011,07,21,22,24,28,,01,11
20/12/2011,01,09,12,14,48,,01,07
16/12/2011,02,05,10,23,31,,02,05
13/12/2011,07,12,18,33,37,,01,11
9/12/2011,12,21,29,44,47,,01,02
6/12/2011,19,20,21,34,38,,03,09
2/12/2011,07,27,30,40,43,,08,09
29/11/2011,11,25,41,45,50,,02,07
25/11/2011,14,19,26,28,34,,05,08
22/11/2011,16,18,24,38,40,,02,04
18/11/2011,04,12,24,39,44,,02,04
15/11/2011,06,17,22,45,47,,03,11
11/11/2011,01,04,18,23,30,,03,07
8/11/2011,01,04,15,29,40,,01,05
4/11/2011,11,14,41,43,50,,02,09
1/11/2011,14,20,23,45,46,,01,11
28/10/2011,16,17,20,39,50,,04,08
25/10/2011,12,22,27,28,39,,04,10
21/10/2011,02,19,33,37,46,,05,08
18/10/2011,18,23,37,46,48,,02,10
14/10/2011,12,23,29,32,47,,03,05
11/10/2011,01,04,12,16,48,,09,10
7/10/2011,18,26,34,38,42,,05,08
4/10/2011,14,16,23,38,45,,08,11
30/09/2011,05,15,28,31,44,,01,06
27/09/2011,18,27,28,35,40,,03,05
23/09/2011,06,14,33,34,48,,02,06
20/09/2011,09,19,25,36,38,,07,11
16/09/2011,02,08,17,39,42,,03,10
13/09/2011,09,28,30,32,49,,09,10
9/09/2011,05,21,28,31,34,,01,02
6/09/2011,35,42,47,48,50,,08,09
2/09/2011,12,26,37,38,44,,04,07
30/08/2011,02,08,10,19,46,,05,09
26/08/2011,12,22,25,33,45,,05,07
23/08/2011,04,06,14,42,50,,02,04
19/08/2011,06,14,16,28,31,,02,11
16/08/2011,01,13,17,18,45,,03,08
12/08/2011,07,10,20,27,37,,04,07
9/08/2011,07,23,24,34,36,,08,11
5/08/2011,13,14,18,32,34,,01,10
2/08/2011,05,08,14,24,33,,03,08
29/07/2011,12,19,27,37,38,,05,10
26/07/2011,01,05,22,25,48,,03,11
22/07/2011,04,15,23,49,50,,02,06
19/07/2011,03,16,25,26,35,,05,09
15/07/2011,06,26,33,34,39,,03,04
12/07/2011,17,19,38,42,45,,09,10
8/07/2011,12,13,23,40,49,,07,10
5/07/2011,11,28,29,47,49,,01,05
1/07/2011,08,11,23,31,46,,08,09
28/06/2011,15,16,30,44,50,,02,03
24/06/2011,05,16,20,30,41,,06,11
21/06/2011,17,20,35,49,50,,03,04
17/06/2011,11,16,21,22,44,,03,08
14/06/2011,05,12,19,41,48,,08,10
10/06/2011,03,19,20,37,48,,08,11
7/06/2011,06,25,36,38,40,,04,10
3/06/2011,04,39,40,49,50,,02,05
31/05/2011,01,09,10,22,50,,05,11
27/05/2011,09,17,25,28,49,,08,09
24/05/2011,16,23,24,26,29,,02,09
20/05/2011,10,14,20,25,42,,08,11
17/05/2011,20,21,37,45,46,,02,03
13/05/2011,09,11,17,36,47,,01,02
10/05/2011,03,10,15,28,45,,05,07
6/05/2011,11,16,20,22,28,,04,09
29/04/2011,15,25,38,40,41,,01,02
22/04/2011,11,22,36,45,48,,01,04
15/04/2011,04,06,21,39,41,,02,06
8/04/2011,21,23,38,47,50,,02,06
1/04/2011,04,17,21,22,33,,04,08
25/03/2011,06,12,21,27,33,,03,07
18/03/2011,01,13,20,26,50,,06,07
11/03/2011,17,19,24,37,46,,02,07
4/03/2011,11,25,27,28,41,,05,08
25/02/2011,12,13,42,45,48,,03,09
18/02/2011,02,03,15,45,49,,05,09
11/02/2011,12,14,15,19,23,,07,08
4/02/2011,02,11,24,35,47,,05,09
28/01/2011,13,23,24,41,42,,01,05
21/01/2011,03,11,13,18,21,,04,05
14/01/2011,02,14,24,39,44,,06,07
7/01/2011,01,22,32,48,50,,06,07
31/12/2010,02,24,34,38,43,,01,07
24/12/2010,19,36,38,42,46,,02,08
17/12/2010,03,20,29,35,42,,03,08
10/12/2010,02,03,10,33,46,,07,08
3/12/2010,08,19,28,32,46,,04,07
26/11/2010,09,28,36,41,49,,05,07
19/11/2010,12,15,32,36,45,,07,09
12/11/2010,07,19,23,29,47,,01,06
5/11/2010,21,23,33,40,50,,04,05
29/10/2010,16,20,22,32,42,,08,09
22/10/2010,04,05,09,11,39,,03,05
15/10/2010,02,31,36,38,43,,03,07
8/10/2010,09,30,35,39,46,,06,08
1/10/2010,01,04,06,27,48,,01,06
24/09/2010,01,04,16,40,48,,01,09
17/09/2010,17,27,29,38,50,,01,03
10/09/2010,17,21,35,41,45,,01,05
3/09/2010,13,24,26,47,49,,04,08
27/08/2010,01,06,13,30,49,,01,09
20/08/2010,05,27,31,40,42,,01,06
13/08/2010,04,09,15,21,47,,02,07
6/08/2010,13,25,28,29,42,,04,05
30/07/2010,03,04,11,28,39,,08,02
23/07/2010,04,13,35,37,46,,09,03
16/07/2010,38,39,45,46,49,,07,08
9/07/2010,09,24,37,39,49,,03,09
2/07/2010,12,13,36,41,46,,08,01
25/06/2010,01,08,18,28,31,,09,08
18/06/2010,02,29,31,32,38,,04,01
11/06/2010,02,22,24,36,44,,02,01
4/06/2010,04,17,34,40,42,,09,04
28/05/2010,04,09,31,32,33,,03,07
21/05/2010,07,19,30,38,50,,04,07
14/05/2010,01,17,31,43,47,,03,02
7/05/2010,03,06,15,21,32,,07,09
30/04/2010,06,22,24,25,36,,03,08
23/04/2010,03,07,08,43,46,,06,08
16/04/2010,09,11,17,26,40,,09,03
9/04/2010,07,21,23,24,44,,03,04
2/04/2010,12,18,24,26,45,,05,04
26/03/2010,08,16,18,37,43,,02,06
19/03/2010,10,28,30,38,39,,07,02
12/03/2010,01,26,33,36,46,,07,06
5/03/2010,12,18,19,43,49,,09,03
26/02/2010,07,11,18,29,42,,07,06
19/02/2010,12,31,37,38,43,,03,02
12/02/2010,01,05,18,38,45,,06,04
5/02/2010,34,35,38,39,46,,03,04
29/01/2010,09,17,30,39,43,,07,05
22/01/2010,04,22,27,36,44,,09,07
15/01/2010,11,26,29,49,50,,04,07
8/01/2010,04,05,14,44,46,,08,09
1/01/2010,09,22,24,27,36,,07,05
25/12/2009,04,05,14,17,34,,05,03
18/12/2009,14,30,32,35,49,,08,03
11/12/2009,20,41,43,44,46,,02,09
4/12/2009,18,19,25,30,44,,03,01
27/11/2009,05,08,13,15,33,,08,09
20/11/2009,05,09,28,43,47,,02,09
13/11/2009,13,15,25,26,32,,04,03
6/11/2009,11,19,34,43,45,,05,09
30/10/2009,09,33,35,38,40,,06,02
23/10/2009,06,18,20,29,31,,08,02
16/10/2009,12,23,30,31,47,,03,04
9/10/2009,07,11,29,46,50,,04,07
2/10/2009,22,23,24,29,44,,05,01
25/09/2009,06,17,18,21,34,,09,03
18/09/2009,06,16,30,38,41,,02,04
11/09/2009,12,15,35,42,43,,04,06
4/09/2009,06,09,20,38,39,,09,03
28/08/2009,08,36,37,41,49,,07,05
21/08/2009,04,07,16,31,42,,05,03
14/08/2009,05,08,24,30,49,,09,03
7/08/2009,10,20,22,24,31,,07,02
31/07/2009,05,09,20,21,26,,06,03
24/07/2009,14,15,25,35,47,,09,05
17/07/2009,02,08,17,32,50,,03,07
10/07/2009,06,16,20,42,46,,01,06
3/07/2009,21,29,34,46,47,,06,08
26/06/2009,06,11,21,30,39,,08,02
19/06/2009,04,16,17,20,29,,07,05
12/06/2009,06,14,16,34,50,,06,04
5/06/2009,11,19,26,35,40,,02,05
29/05/2009,02,05,30,37,47,,06,03
22/05/2009,04,13,14,33,43,,06,01
15/05/2009,08,18,19,20,42,,05,09
8/05/2009,04,23,24,29,31,,09,08
1/05/2009,05,19,31,38,47,,03,05
24/04/2009,04,14,21,24,41,,05,08
17/04/2009,04,07,21,44,47,,01,05
10/04/2009,09,14,16,37,46,,02,04
3/04/2009,02,20,24,32,46,,01,09
27/03/2009,25,33,36,38,42,,06,07
20/03/2009,12,16,23,31,35,,04,06
13/03/2009,12,24,26,36,42,,01,04
6/03/2009,13,17,19,25,35,,05,06
27/02/2009,05,09,37,44,45,,09,06
20/02/2009,09,12,13,14,48,,01,02
13/02/2009,22,33,36,40,42,,01,02
6/02/2009,10,20,30,36,40,,03,05
30/01/2009,04,29,34,35,46,,05,08
23/01/2009,32,33,36,40,49,,02,08
16/01/2009,03,17,22,49,50,,03,06
9/01/2009,07,15,22,28,48,,01,04
2/01/2009,29,30,36,37,48,,01,06
26/12/2008,01,02,26,44,50,,01,07
19/12/2008,28,29,40,46,50,,05,07
12/12/2008,02,19,28,42,49,,02,07
5/12/2008,04,08,21,35,45,,05,08
28/11/2008,08,11,16,25,41,,02,04
21/11/2008,09,14,21,49,50,,03,08
14/11/2008,08,10,14,21,26,,03,04
7/11/2008,01,09,12,17,18,,03,04
31/10/2008,03,18,25,34,41,,02,05
24/10/2008,07,15,16,17,45,,06,09
17/10/2008,03,10,12,42,50,,01,05
10/10/2008,04,15,22,31,41,,01,06
3/10/2008,04,13,19,23,38,,02,03
26/09/2008,14,29,31,33,37,,02,01
19/09/2008,14,16,19,20,31,,06,09
12/09/2008,19,23,33,37,50,,03,07
5/09/2008,07,12,16,17,39,,03,08
29/08/2008,02,20,25,37,39,,05,08
22/08/2008,07,27,29,39,50,,05,07
15/08/2008,11,17,18,26,31,,05,06
8/08/2008,04,05,15,16,45,,04,07
1/08/2008,01,22,25,40,50,,01,08
25/07/2008,07,11,15,24,29,,02,07
18/07/2008,10,14,16,29,44,,05,06
11/07/2008,09,11,13,19,37,,03,04
4/07/2008,07,19,22,27,48,,05,07
27/06/2008,05,20,26,44,50,,05,07
20/06/2008,08,11,36,37,45,,03,05
13/06/2008,13,16,37,44,50,,01,09
6/06/2008,07,19,21,40,50,,02,09
30/05/2008,05,07,14,20,49,,02,08
23/05/2008,05,09,19,21,38,,01,07
16/05/2008,06,09,15,25,38,,04,09
9/05/2008,08,09,40,42,45,,06,07
2/05/2008,02,26,37,45,48,,04,08
25/04/2008,04,19,26,27,30,,03,08
18/04/2008,03,06,07,27,50,,05,09
11/04/2008,06,25,30,45,50,,05,07
4/04/2008,11,13,18,37,47,,01,06
28/03/2008,05,09,17,29,39,,03,06
21/03/2008,02,10,18,22,36,,04,06
14/03/2008,13,21,25,35,48,,04,08
7/03/2008,02,07,14,17,35,,01,06
29/02/2008,12,37,40,47,49,,02,09
22/02/2008,04,27,32,46,50,,08,09
15/02/2008,12,27,29,45,46,,04,07
8/02/2008,17,28,30,38,44,,01,04
1/02/2008,22,30,45,47,49,,04,09
25/01/2008,02,06,09,19,45,,07,08
18/01/2008,14,16,23,40,46,,04,08
11/01/2008,08,24,36,49,50,,04,08
4/01/2008,10,12,24,25,41,,03,05
28/12/2007,20,21,22,31,45,,07,09
21/12/2007,07,09,28,37,44,,06,07
14/12/2007,08,25,30,36,44,,03,04
7/12/2007,02,04,32,43,48,,01,07
30/11/2007,12,19,20,30,38,,07,09
23/11/2007,02,10,22,29,48,,03,09
16/11/2007,09,18,23,33,37,,01,08
9/11/2007,05,14,22,25,36,,05,06
2/11/2007,03,16,18,19,40,,01,02
26/10/2007,07,20,38,40,43,,01,08
19/10/2007,07,18,34,35,40,,07,08
12/10/2007,21,32,36,46,47,,03,04
5/10/2007,11,20,27,35,44,,02,05
28/09/2007,22,30,34,35,44,,04,05
21/09/2007,01,17,32,35,37,,01,08
14/09/2007,05,09,11,29,33,,07,09
7/09/2007,02,03,33,34,42,,03,05
31/08/2007,06,18,22,23,37,,05,06
24/08/2007,01,03,16,42,48,,02,03
17/08/2007,02,03,13,38,42,,07,08
10/08/2007,23,40,42,43,49,,02,06
3/08/2007,10,30,33,37,41,,01,08
27/07/2007,01,04,21,29,41,,07,08
20/07/2007,10,21,25,26,50,,04,09
13/07/2007,09,13,15,31,48,,03,06
6/07/2007,04,05,19,39,41,,08,09
29/06/2007,08,12,28,33,45,,01,03
22/06/2007,11,16,17,22,34,,05,06
15/06/2007,05,07,14,21,40,,03,08
8/06/2007,01,15,17,25,45,,02,08
1/06/2007,06,22,37,41,42,,06,09
25/05/2007,25,26,29,49,50,,07,08
18/05/2007,26,34,37,39,49,,02,06
11/05/2007,07,12,26,29,49,,02,06
4/05/2007,06,17,35,41,45,,01,05
27/04/2007,07,18,27,36,44,,01,02
20/04/2007,23,26,32,41,45,,03,07
13/04/2007,07,20,25,38,41,,03,07
6/04/2007,15,23,29,41,48,,03,06
30/03/2007,09,17,19,41,46,,01,08
23/03/2007,05,13,17,40,43,,01,03
16/03/2007,04,14,31,45,49,,04,09
9/03/2007,02,03,25,43,48,,06,09
2/03/2007,03,16,34,38,48,,05,08
23/02/2007,02,15,18,20,22,,02,05
16/02/2007,08,19,20,39,50,,06,09
9/02/2007,14,16,30,36,46,,02,08
2/02/2007,14,23,27,30,36,,01,06
26/01/2007,11,15,23,30,38,,04,09
19/01/2007,05,13,27,33,42,,02,04
12/01/2007,08,11,14,19,25,,03,05
5/01/2007,17,19,29,36,45,,05,06
29/12/2006,06,09,13,14,35,,03,04
22/12/2006,09,11,20,38,43,,02,03
15/12/2006,09,23,35,37,42,,03,07
8/12/2006,16,17,18,36,47,,01,02
1/12/2006,04,08,16,37,41,,02,05
24/11/2006,05,08,17,25,40,,01,05
17/11/2006,12,22,32,33,36,,02,06
10/11/2006,14,21,27,30,36,,02,03
3/11/2006,11,13,24,44,49,,03,09
27/10/2006,03,04,08,44,50,,07,08
20/10/2006,10,19,34,45,47,,03,06
13/10/2006,02,25,32,38,41,,03,05
6/10/2006,05,11,22,35,38,,07,08
29/09/2006,01,03,06,18,24,,05,08
22/09/2006,10,29,30,45,49,,03,08
15/09/2006,06,10,16,26,49,,07,09
8/09/2006,01,10,12,32,33,,01,08
1/09/2006,03,07,25,45,50,,06,09
25/08/2006,10,28,40,47,48,,06,08
18/08/2006,12,37,39,40,50,,01,02
11/08/2006,27,28,31,46,47,,02,05
4/08/2006,01,14,15,26,32,,03,07
28/07/2006,03,08,12,29,43,,06,07
21/07/2006,02,04,09,38,50,,06,08
14/07/2006,01,07,17,31,36,,02,08
7/07/2006,07,09,18,35,43,,05,07
30/06/2006,06,15,16,40,43,,01,02
23/06/2006,09,21,30,43,44,,01,09
16/06/2006,01,16,26,30,36,,03,09
9/06/2006,03,12,15,34,39,,04,06
2/06/2006,07,08,27,41,48,,01,06
26/05/2006,02,12,21,41,49,,03,07
19/05/2006,03,05,25,34,49,,05,08
12/05/2006,05,20,23,34,50,,01,05
5/05/2006,04,08,14,16,50,,03,09
28/04/2006,05,10,17,22,33,,05,07
21/04/2006,01,20,22,37,46,,01,09
14/04/2006,16,26,34,35,49,,02,06
7/04/2006,12,13,29,44,50,,04,05
31/03/2006,03,20,31,45,50,,06,07
24/03/2006,17,28,33,35,47,,04,09
17/03/2006,05,32,44,45,50,,01,07
10/03/2006,01,21,33,45,49,,04,08
3/03/2006,03,05,08,10,44,,03,05
24/02/2006,01,11,18,19,47,,03,07
17/02/2006,04,23,24,26,38,,02,04
10/02/2006,05,06,38,48,50,,06,07
3/02/2006,09,21,30,39,50,,01,03
27/01/2006,09,15,21,40,49,,01,04
20/01/2006,12,15,33,44,50,,02,06
13/01/2006,08,12,19,33,34,,01,06
6/01/2006,02,06,09,14,26,,04,05
30/12/2005,08,16,19,43,45,,01,04
23/12/2005,15,31,36,37,42,,01,07
16/12/2005,02,03,15,18,32,,06,07
9/12/2005,11,18,35,38,42,,01,05
2/12/2005,01,09,20,23,30,,04,07
25/11/2005,01,06,27,39,47,,01,06
18/11/2005,17,18,25,34,48,,02,03
11/11/2005,15,16,36,41,42,,03,05
4/11/2005,26,36,37,38,42,,02,06
28/10/2005,14,36,44,47,50,,03,05
21/10/2005,01,14,19,29,33,,01,08
14/10/2005,10,11,19,20,23,,01,06
7/10/2005,02,13,21,26,44,,03,09
30/09/2005,06,11,47,48,50,,01,06
23/09/2005,01,26,31,34,47,,04,09
16/09/2005,12,13,19,21,38,,03,09
9/09/2005,08,12,19,31,50,,06,07
2/09/2005,03,04,14,43,50,,03,06
26/08/2005,09,29,35,40,41,,01,06
19/08/2005,11,24,29,31,41,,01,03
12/08/2005,15,23,30,37,40,,07,09
5/08/2005,02,11,21,22,30,,04,06
29/07/2005,03,19,26,49,50,,04,05
22/07/2005,03,14,41,48,49,,01,04
15/07/2005,01,11,12,23,42,,03,06
8/07/2005,35,36,42,46,49,,02,08
1/07/2005,04,05,23,25,28,,03,04
24/06/2005,06,08,14,15,45,,07,08
17/06/2005,04,08,10,18,21,,01,07
10/06/2005,06,07,32,37,47,,01,07
3/06/2005,03,08,11,17,50,,01,05
27/05/2005,02,24,31,48,50,,04,09
20/05/2005,06,07,13,28,47,,05,08
13/05/2005,12,17,31,32,40,,02,09
6/05/2005,07,12,21,26,44,,06,08
29/04/2005,03,09,35,39,42,,01,08
22/04/2005,03,10,13,24,47,,05,09
15/04/2005,06,28,31,38,42,,03,09
8/04/2005,07,11,25,31,50,,01,03
1/04/2005,25,26,41,44,47,,03,07
25/03/2005,04,29,33,37,38,,06,09
18/03/2005,06,23,39,43,48,,05,07
11/03/2005,08,12,23,40,43,,01,04
4/03/2005,12,24,32,37,39,,07,09
25/02/2005,03,27,30,43,44,,04,08
18/02/2005,20,21,26,32,46,,08,09
11/02/2005,11,13,25,32,50,,04,07
4/02/2005,01,08,11,30,40,,07,08
28/01/2005,07,21,26,43,45,,05,07
21/01/2005,10,12,14,24,26,,05,08
14/01/2005,06,11,14,19,29,,01,03
7/01/2005,03,23,27,47,50,,02,03
31/12/2004,07,08,24,25,47,,08,09
24/12/2004,03,04,27,29,37,,05,06
17/12/2004,15,19,22,46,49,,02,09
10/12/2004,01,03,13,16,43,,02,07
3/12/2004,01,11,15,42,49,,03,04
26/11/2004,01,04,24,34,36,,06,08
19/11/2004,01,18,29,34,37,,02,06
12/11/2004,04,11,12,13,32,,03,09
5/11/2004,06,19,25,42,49,,01,07
29/10/2004,01,08,32,35,38,,04,09
22/10/2004,01,09,23,25,40,,03,09
15/10/2004,14,21,22,37,43,,05,08
8/10/2004,01,10,12,16,48,,02,06
1/10/2004,12,20,21,45,48,,05,06
24/09/2004,21,26,27,44,48,,01,07
17/09/2004,15,18,29,39,41,,05,08
10/09/2004,05,25,33,36,38,,02,05
3/09/2004,08,12,14,15,34,,06,07
27/08/2004,01,11,22,28,44,,01,09
20/08/2004,06,09,10,27,35,,06,08
13/08/2004,20,27,41,43,50,,05,08
6/08/2004,05,15,24,35,44,,05,06
30/07/2004,09,10,19,37,50,,01,06
23/07/2004,07,10,27,31,34,,03,08
16/07/2004,24,26,31,38,50,,05,08
9/07/2004,02,05,12,19,44,,08,09
2/07/2004,04,23,24,28,34,,01,03
25/06/2004,03,21,30,34,35,,01,02
18/06/2004,02,23,28,40,43,,02,06
11/06/2004,02,07,08,10,47,,01,07
4/06/2004,09,13,34,41,42,,03,07
28/05/2004,06,11,35,41,44,,05,06
21/05/2004,15,29,37,39,49,,04,09
14/05/2004,01,03,21,32,39,,02,06
7/05/2004,15,16,21,36,38,,01,05
30/04/2004,05,06,16,23,27,,06,07
23/04/2004,06,10,21,45,49,,03,05
16/04/2004,14,15,28,35,40,,01,03
9/04/2004,01,04,10,19,23,,02,08
2/04/2004,04,12,24,27,36,,02,09
26/03/2004,03,04,10,23,43,,02,04
19/03/2004,33,36,37,42,45,,04,09
12/03/2004,15,24,28,44,47,,04,05
5/03/2004,04,07,33,37,39,,01,05
27/02/2004,14,18,19,31,37,,04,05
20/02/2004,07,13,39,47,50,,02,05
13/02/2004,16,29,32,36,41,,07,09