Source,Target,Weight
262230432,435976043,1
353786894,16304487,1
394892872,89194184,1
516464106,20780732,1
516464106,28987332,1
262230432,68674747,1
213969309,971608718,1
213969309,116779603,1
213969309,56126642,1
213969309,40076725,1
394892872,303328764,1
213969309,1356158774,1
353786894,134733894,1
213969309,32941091,1
262230432,527526077,1
394892872,462346627,1
516464106,997047355084963840,1
516464106,1127984530529214464,1
213969309,20678384,1
516464106,479265563,1
214413743,1432782902,1
516464106,2521383263,1
262230432,2231296237,1
213969309,93247246,1
262230432,94346993,1
516464106,45575696,1
213969309,188039706,1
537951506,36339032,1
353786894,111933542,1
353786894,277569566,1
353786894,607002158,1
214413743,19115359,1
516464106,1058807665126719488,1
213969309,69008563,1
516464106,127999573,1
516464106,1959187831,1
902951244549038081,210775513,1
213969309,1903382054,1
213969309,20054788,1
516464106,961384852619776000,1
214413743,36767299,1
537951506,1054674486,1
214413743,32340023,1
537951506,169686021,1
394892872,79051895,1
213969309,21802377,1
537951506,363176317,1
213969309,180505807,1
213969309,41562632,1
516464106,330552692,1
262230432,2809658254,1
213969309,179414795,1
213969309,2150799096,1
214413743,185902260,1
537951506,3307434295,1
516464106,2869592409,1
394892872,52344859,1
214413743,25403689,1
537951506,73395319,1
537951506,143490131,1
394892872,58444150,1
213969309,20221159,1
213969309,35787166,1
353786894,183310558,1
214413743,369583954,1
214413743,46509425,1
507672047,382560919,1
353786894,396836687,1
213969309,123577980,1
394892872,119437449,1
213969309,461129219,1
213969309,14442916,1
213969309,2572841307,1
394892872,187113764,1
394892872,83855918,1
213969309,323212643,1
516464106,19267015,1
516464106,214413743,1
214413743,78502161,1
394892872,300917513,1
537951506,249171454,1
537951506,76698807,1
537951506,110918338,1
213969309,36139712,1
394892872,52686916,1
516464106,835938734,1
537951506,2320469730,1
537951506,971608718,1
353786894,703581570,1
213969309,204003334,1
213969309,59247894,1
507672047,960431600587681793,1
262230432,1167104447291494401,1
507672047,589103445,1
213969309,2893676045,1
537951506,281198548,1
262230432,343938253,1
516464106,567167802,1
516464106,2371827829,1
213969309,127910704,1
213969309,208957664,1
507672047,330886345,1
353786894,705617308224344064,1
213969309,428377986,1
507672047,197314637,1
213969309,100220864,1
537951506,491201674,1
516464106,106170617,1
537951506,45798321,1
537951506,69008563,1
213969309,549470860,1
507672047,26330200,1
213969309,616009003,1
213969309,171117515,1
394892872,357591839,1
213969309,1541795455,1
394892872,265352508,1
516464106,2276925091,1
214413743,68674747,1
516464106,1622716321,1
214413743,264348057,1
214413743,71374131,1
353786894,594802359,1
516464106,726825148494544896,1
213969309,1272849250523717638,1
213969309,954103737282215937,1
516464106,2313284220,1
537951506,179414795,1
213969309,1676236441,1
213969309,109198736,1
213969309,269840610,1
213969309,25060424,1
213969309,970685659,1
214413743,21044208,1
213969309,207865030,1
537951506,224362490,1
394892872,466649242,1
516464106,575882566,1
516464106,1114036494,1
516464106,271972038,1
507672047,14872237,1
353786894,50380435,1
353786894,329686741,1
537951506,1057621820,1
394892872,239537056,1
213969309,556260847,1
507672047,107324539,1
213969309,2742755283,1
537951506,754613281,1
353786894,156635674,1
507672047,490756890,1
353786894,81667386,1
394892872,24672558,1
516464106,1415678455,1
213969309,589784512,1
516464106,13610342,1
262230432,857011932657856512,1
213969309,427342771,1
353786894,65594904,1
516464106,999598702485561354,1
537951506,475936983,1
214413743,724100718320193536,1
537951506,589103445,1
537951506,496969269,1
213969309,2995651864,1
213969309,183608811,1
213969309,88442109,1
902951244549038081,17508484,1
213969309,61526988,1
262230432,15747313,1
213969309,288333760,1
353786894,16143542,1
394892872,24871896,1
213969309,2253219642,1
213969309,256706093,1
394892872,1131131095,1
262230432,167321831,1
507672047,47720230,1
537951506,25067041,1
537951506,1557684840,1
213969309,125304763,1
537951506,287442481,1
394892872,123577980,1
213969309,55460477,1
214413743,427798306,1
213969309,23832022,1
902951244549038081,16348455,1
537951506,562062030,1
213969309,1642560781,1
394892872,17508484,1
214413743,188920171,1
902951244549038081,23440052,1
214413743,2583029626,1
537951506,2315185530,1
213969309,217226962,1
537951506,378632690,1
394892872,486774077,1
537951506,83870452,1
537951506,1638020947,1
516464106,86221966,1
516464106,222221274,1
214413743,370056930,1
516464106,77047730,1
262230432,231992478,1
516464106,2475484801,1
537951506,60706671,1
902951244549038081,715497159592964096,1
537951506,501151358,1
394892872,16348455,1
213969309,2165171719,1
213969309,110444609,1
537951506,1172986574,1
353786894,19509652,1
394892872,1358057236787003392,1
353786894,266771482,1
537951506,3265516730,1
537951506,234321165,1
537951506,556260847,1
507672047,169248299,1
262230432,115044590,1
507672047,44223051,1
213969309,172307280,1
213969309,1054956980,1
394892872,120088875,1
213969309,938715168,1
214413743,46467162,1
213969309,39348730,1
394892872,397306167,1
353786894,111280097,1
262230432,736341350,1
537951506,1098828360,1
516464106,45843783,1
213969309,97837399,1
537951506,1262458416,1
537951506,85037960,1
537951506,21302878,1
213969309,51742969,1
516464106,47300556,1
213969309,2230431242,1
507672047,264348057,1
213969309,112681911,1
262230432,20600235,1
537951506,35247441,1
213969309,26751827,1
353786894,162840111,1
213969309,76030567,1
537951506,310339555,1
394892872,54502344,1
213969309,171682388,1
507672047,1109066318718873603,1
214413743,424655869,1
353786894,93819292,1
394892872,15531225,1
537951506,229447010,1
394892872,276572752,1
516464106,28534252,1
214413743,264884207,1
537951506,950341134,1
516464106,167595513,1
516464106,207071479,1
213969309,16279774,1
516464106,2807818184,1
214413743,33041426,1
537951506,467640813,1
262230432,68647813,1
213969309,96829836,1
353786894,1027351783071346688,1
394892872,151540858,1
394892872,2351716146,1
353786894,45787332,1
516464106,1117931702,1
902951244549038081,116757352,1
516464106,19916572,1
394892872,53047484,1
516464106,339505064,1
537951506,19981306,1
213969309,2529723078,1
516464106,168590796,1
394892872,86740435,1
213969309,54951973,1
262230432,110977736,1
394892872,4348237453,1
213969309,155949831,1
213969309,543930930,1
537951506,243571737,1
214413743,316339748,1
213969309,90558751,1
537951506,157844791,1
394892872,116757352,1
262230432,4845117383,1
537951506,37680901,1
213969309,1320482594,1
353786894,202183283,1
394892872,3069510460,1
262230432,248807431,1
353786894,1074675594,1
213969309,11856342,1
353786894,451649471,1
394892872,108568373,1
213969309,18228898,1
213969309,783214,1
353786894,395382012,1
516464106,873755784525619200,1
213969309,19397942,1
213969309,312798259,1
213969309,131404704,1
537951506,1693796514,1
537951506,117724703,1
516464106,2949104511,1
262230432,503480566,1
213969309,1354277102,1
516464106,1657077212,1
214413743,162954907,1
353786894,31448115,1
353786894,485761371,1
516464106,431506415,1
262230432,315373823,1
213969309,21401466,1
516464106,10228272,1
213969309,331328358,1
394892872,29774933,1
213969309,16125042,1
537951506,326802887,1
537951506,314621827,1
394892872,964344902,1
516464106,2339429359,1
353786894,507672047,1
213969309,63525184,1
537951506,777194503413309440,1
213969309,50725573,1
262230432,432507102,1
507672047,163559269,1
537951506,5894372,1
214413743,343597241,1
516464106,343017633,1
516464106,406423824,1
394892872,514125323,1
394892872,44196397,1
516464106,2873763009,1
537951506,16240253,1
516464106,453974471,1
213969309,20659839,1
516464106,210775513,1
214413743,93552699,1
516464106,2827361663,1
353786894,994741592,1
214413743,82322622,1
537951506,2336701140,1
353786894,148720585,1
213969309,11661572,1
213969309,618406175,1
507672047,279792997,1
537951506,541456551,1
213969309,19248106,1
213969309,1903346809,1
214413743,210760850,1
262230432,489863358,1
507672047,33173981,1
213969309,708763718029598721,1
507672047,265483421,1
214413743,235910394,1
516464106,245556939,1
213969309,1646645065,1
516464106,52686916,1
537951506,2539190235,1
394892872,279457840,1
537951506,905527148,1
353786894,254033031,1
516464106,832189340,1
213969309,136361303,1
214413743,100312878,1
537951506,326653857,1
394892872,246772342,1
213969309,19923144,1
537951506,87541152,1
516464106,1413164712,1
902951244549038081,68674747,1
213969309,21200516,1
213969309,20693661,1
214413743,551050949,1
262230432,412659618,1
353786894,16539917,1
394892872,38485549,1
213969309,12044602,1
353786894,342036627,1
516464106,413858221,1
394892872,17020962,1
394892872,156606331,1
213969309,35586902,1
394892872,68674747,1
516464106,265352508,1
516464106,2966281167,1
537951506,243767283,1
353786894,231852352,1
394892872,29268463,1
213969309,2982001401,1
262230432,2674450344,1
353786894,249635607,1
902951244549038081,280926709,1
394892872,527526077,1
213969309,2318220141,1
262230432,472167838,1
537951506,484657858,1
516464106,161418822,1
902951244549038081,808341849085710336,1
394892872,21044208,1
353786894,185025162,1
394892872,14082692,1
516464106,466649242,1
394892872,4854457427,1
516464106,470336591,1
213969309,353786894,1
214413743,516464106,1
213969309,250588578,1
213969309,27260086,1
902951244549038081,796379897547456512,1
353786894,1143472657,1
516464106,115620324,1
214413743,315373823,1
213969309,188482191,1
213969309,23561980,1
537951506,83852999,1
213969309,848754907,1
516464106,1524109363,1
516464106,806108894560919552,1
516464106,268270621,1
353786894,2222976084,1
516464106,24672558,1
353786894,254122621,1
262230432,2633624624,1
262230432,1290686353907355648,1
394892872,82373678,1
213969309,801041894021144576,1
262230432,91062278,1
507672047,288477764,1
213969309,150009699,1
516464106,2984667909,1
516464106,2433230097,1
902951244549038081,394892872,1
213969309,6273552,1
214413743,45167544,1
214413743,493127463,1
262230432,249694071,1
516464106,759823321,1
537951506,156019856,1
353786894,34949757,1
213969309,739158284842729472,1
213969309,365071261,1
516464106,35727881,1
213969309,293007847,1
537951506,21200516,1
537951506,46114809,1
537951506,1581230341,1
516464106,3646374742,1
353786894,335196969,1
394892872,1132352346275700736,1
516464106,56652148,1
516464106,2390673350,1
516464106,24871896,1
213969309,726288434,1
214413743,318967677,1
537951506,2935653131,1
537951506,213969309,1
516464106,1152077958,1
902951244549038081,4501715657,1
262230432,1374017668114571265,1
262230432,48391223,1
213969309,8320242,1
213969309,1346180581,1
537951506,275020671,1
353786894,2789608612,1
213969309,321970500,1
516464106,17508484,1
394892872,1860220171,1
213969309,240628526,1
213969309,20431187,1
353786894,239172505,1
213969309,928131986,1
213969309,607281049,1
516464106,386884916,1
537951506,565817745,1
537951506,157775633,1
353786894,279031076,1
353786894,386420143,1
394892872,265941214,1
213969309,23658449,1
537951506,142204481,1
537951506,789491862700748800,1
537951506,94055625,1
507672047,191077155,1
394892872,1106693929,1
537951506,22571216,1
537951506,353786894,1
213969309,1536791610,1
516464106,583986793,1
516464106,2998277535,1
507672047,3261200112,1
516464106,287591107,1
262230432,23575595,1
262230432,1349354744536510471,1
394892872,68367000,1
214413743,55131390,1
214413743,112785317,1
516464106,120088875,1
516464106,54783895,1
213969309,83662371,1
902951244549038081,153060554,1
394892872,242286295,1
353786894,419805477,1
516464106,397306167,1
213969309,2255036665,1
537951506,290391563,1
537951506,309446385,1
213969309,1162302990,1
213969309,106514318,1
213969309,27195114,1
537951506,288477764,1
214413743,217461138,1
262230432,945446359,1
537951506,437547229,1
213969309,45578562,1
537951506,19977449,1
516464106,3025394476,1
213969309,63677189,1
537951506,256740776,1
537951506,229454266,1
213969309,18884840,1
213969309,204026449,1
353786894,266100407,1
516464106,54502344,1
262230432,558572709,1
353786894,1273343545060069376,1
537951506,1148837155,1
516464106,1120917445,1
537951506,14411230,1
537951506,148694726,1
394892872,1029821240846868480,1
537951506,140475562,1
537951506,2674597813,1
507672047,516464106,1
213969309,13049362,1
213969309,61610736,1
394892872,984755796717207553,1
213969309,537951506,1
537951506,607281049,1
213969309,17696167,1
214413743,498069043,1
213969309,44134229,1
353786894,382560919,1
213969309,394638650,1
213969309,518706144,1
214413743,18156837,1
516464106,884685206170607621,1
213969309,30180137,1
516464106,2359690465,1
353786894,549294141,1
262230432,331673810,1
214413743,22622572,1
516464106,814882453,1
213969309,28412286,1
262230432,30182732,1
353786894,518557386,1
213969309,205712533,1
213969309,30027830,1
516464106,28969669,1
902951244549038081,153381491,1
516464106,1243942145393917952,1
213969309,63253045,1
262230432,234374697,1
516464106,21474631,1
213969309,2814495064,1
537951506,390479483,1
507672047,318967677,1
214413743,40524721,1
213969309,2607843552,1
394892872,375759378,1
213969309,41170288,1
214413743,262230432,1
353786894,330886345,1
507672047,116504344,1
537951506,45578562,1
507672047,259925559,1
213969309,1292190259,1
537951506,17540485,1
214413743,538842246,1
213969309,167024999,1
394892872,437820244,1
214413743,323078638,1
537951506,153363070,1
902951244549038081,971035099499294722,1
213969309,526312332,1
516464106,1256177719165038594,1
213969309,548429062,1
516464106,23798078,1
902951244549038081,525208028,1
213969309,14499829,1
537951506,247204233,1
516464106,144255219,1
262230432,507672047,1
394892872,115044590,1
213969309,321385914,1
516464106,4140881832,1
353786894,170591249,1
353786894,83870452,1
214413743,111280097,1
213969309,181561712,1
516464106,4689112034,1
537951506,259227479,1
213969309,14580438,1
213969309,891305388,1
537951506,413383203,1
394892872,525208028,1
516464106,44196397,1
213969309,2178243216,1
516464106,18355475,1
353786894,14872237,1
394892872,20600235,1
214413743,226087776,1
353786894,37921477,1
537951506,304898642,1
516464106,301328028,1
537951506,20095109,1
394892872,170863272,1
537951506,3290081140,1
507672047,19226153,1
507672047,217461138,1
353786894,490756890,1
214413743,93819292,1
213969309,33558771,1
516464106,2467665067,1
213969309,319736890,1
214413743,45022448,1
213969309,907724522777989121,1
213969309,302301783,1
262230432,609548724,1
262230432,3447770417,1
353786894,519617918,1
537951506,322765094,1
537951506,309004715,1
537951506,162966403,1
213969309,102161627,1
516464106,563890459,1
516464106,28247294,1
262230432,431996598,1
213969309,151123001,1
213969309,214413743,1
214413743,48091346,1
537951506,108247668,1
213969309,123215085,1
353786894,259143595,1
213969309,20299922,1
353786894,62873433,1
353786894,342239570,1
516464106,802098030317080577,1
213969309,171682730,1
213969309,1329138481,1
213969309,19719076,1
516464106,786162303439740929,1
516464106,1464295423,1
516464106,605511043,1
516464106,38485549,1
537951506,55513910,1
213969309,1664433362,1
353786894,133733607,1
394892872,215326671,1
394892872,540102939,1
214413743,20707813,1
353786894,78502161,1
353786894,552561770,1
516464106,68674747,1
394892872,49391820,1
213969309,16461545,1
353786894,905718541,1
902951244549038081,1091070048,1
213969309,103036031,1
516464106,697751230270021632,1
262230432,473852181,1
537951506,45575696,1
262230432,1118549242258309121,1
537951506,831484050,1
213969309,1153530594,1
213969309,1379474377,1
516464106,32939851,1
516464106,2606914305,1
516464106,21044208,1
902951244549038081,432507102,1
213969309,913135650,1
213969309,16807528,1
537951506,183387449,1
213969309,43533226,1
537951506,173450474,1
507672047,262230432,1
537951506,320987486,1
394892872,554518537,1
516464106,814879913387900929,1
213969309,3573866235,1
213969309,534778486,1
213969309,138600717,1
353786894,304596944,1
516464106,718167032,1
353786894,20671787,1
507672047,110365072,1
537951506,38479974,1
537951506,272629831,1
213969309,495173305,1
394892872,432507102,1
213969309,39357383,1
353786894,1635567745,1
394892872,277021437,1
213969309,1114036494,1
353786894,264348057,1
507672047,23746926,1
262230432,49608424,1
353786894,491547918,1
537951506,19267015,1
394892872,68503377,1
537951506,199761419,1
537951506,214413743,1
507672047,426488154,1
353786894,297474911,1
537951506,407952890,1
537951506,104105131,1
213969309,263619434,1
516464106,736007630,1
213969309,19397785,1
213969309,114308407,1
214413743,393672457,1
516464106,2445382492,1
353786894,122104594,1
213969309,346751152,1
353786894,339818054,1
394892872,336761705,1
353786894,71370894,1
516464106,146556805,1
537951506,29191062,1
516464106,394892872,1
213969309,414248813,1
213969309,768141216,1
213969309,101166629,1
394892872,104094630,1
213969309,248900032,1
214413743,249186003,1
213969309,19530101,1
394892872,166905249,1
507672047,125832497,1
507672047,3143321146,1
394892872,596318234,1
537951506,28297965,1
537951506,302736020,1
353786894,261267194,1
213969309,1033230666,1
213969309,430069366,1
214413743,22060294,1
353786894,219422455,1
213969309,230240220,1
394892872,177147074,1
353786894,31401945,1
353786894,194945814,1
213969309,711063261,1
213969309,46809666,1
516464106,2967005386,1
516464106,575352314,1
213969309,1247966591205195784,1
213969309,117778179,1
213969309,4201552600,1
214413743,281635993,1
394892872,594802359,1
214413743,35117415,1
213969309,1013146850,1
214413743,35944242,1
353786894,140409019,1
507672047,82724710,1
516464106,211743260,1
516464106,2941938052,1
537951506,970154557,1
902951244549038081,329686741,1
537951506,976035398089695232,1
537951506,122877975,1
213969309,413256716,1
537951506,118921833,1
394892872,2863610128,1
262230432,2827589488,1
262230432,2982669863,1
902951244549038081,156635674,1
262230432,3391713417,1
537951506,1114036494,1
353786894,56672870,1
537951506,519109662,1
507672047,53053378,1
537951506,343627165,1
262230432,556861671,1
214413743,99630137,1
213969309,134720607,1
507672047,1337785291,1
537951506,87157795,1
213969309,158157390,1
516464106,296700244,1
353786894,26235265,1
537951506,38164846,1
394892872,817693716,1
516464106,632774461,1
214413743,1261774309,1
262230432,1133081905509933057,1
516464106,872351839232155649,1
537951506,111423348,1
214413743,707953217066422272,1
213969309,617438032,1
394892872,156635674,1
213969309,75974281,1
214413743,728295779069124608,1
213969309,17919972,1
507672047,27476898,1
353786894,434121099,1
213969309,205302299,1
353786894,163559269,1
394892872,91062278,1
213969309,26053643,1
262230432,382560919,1
262230432,20232903,1
353786894,324945774,1
213969309,193047282,1
213969309,2197839546,1
213969309,759658867177299972,1
537951506,995918288,1
537951506,2769425966,1
516464106,286489488,1
516464106,38070776,1
353786894,142970025,1
213969309,40837929,1
213969309,21286325,1
213969309,131948686,1
516464106,593249762,1
507672047,44029470,1
537951506,4201552600,1
213969309,248271397,1
353786894,303765136,1
213969309,15617631,1
394892872,429299551,1
537951506,82724710,1
353786894,442076235,1
394892872,717745214111227904,1
537951506,2731792534,1
394892872,771876913,1
353786894,1222060448,1
213969309,33267059,1
537951506,19851469,1
516464106,2733210014,1
516464106,956289326245138432,1
213969309,2763983390,1
353786894,32453930,1
213969309,164218983,1
394892872,446575489,1
394892872,1231506325,1
537951506,53053378,1
394892872,2288297108,1
516464106,231992478,1
353786894,267220090,1
213969309,838379683288920066,1
516464106,828964081,1
537951506,15128930,1
262230432,478492840,1
516464106,834819780326596608,1
214413743,197385282,1
213969309,8809462,1
213969309,338084918,1
394892872,23575595,1
213969309,109019534,1
516464106,915560095,1
213969309,475007092,1
516464106,115044590,1
213969309,41458237,1
537951506,20055740,1
213969309,19110928,1
537951506,315357209,1
537951506,169915544,1
902951244549038081,93819292,1
213969309,21586997,1
394892872,90155699,1
213969309,453889530,1
213969309,1832036990,1
213969309,2305960437,1
516464106,736341350,1
213969309,60649803,1
213969309,910429598,1
213969309,26793734,1
394892872,612473,1
537951506,542838911,1
537951506,2847193157,1
516464106,584767961,1
394892872,162840111,1
516464106,271988035,1
213969309,407137170,1
213969309,10228272,1
213969309,29446225,1
394892872,298464227,1
516464106,352881953,1
516464106,71308607,1
516464106,20600235,1
262230432,490756890,1
262230432,504143250,1
353786894,265618431,1
213969309,471287735,1
537951506,716238475,1
213969309,893504118,1
394892872,191879849,1
213969309,193756399,1
213969309,1087759512709275648,1
213969309,49573859,1
262230432,1114303131737837573,1
516464106,83627955,1
902951244549038081,23114836,1
394892872,541896393,1
213969309,210775513,1
537951506,578142284,1
353786894,25746725,1
394892872,209580428,1
516464106,85835031,1
537951506,2491702663,1
213969309,601909858,1
537951506,1076176465,1
213969309,186361848,1
353786894,19871250,1
213969309,83855918,1
902951244549038081,2788626986,1
507672047,1394556068,1
262230432,87818409,1
214413743,14423603,1
537951506,89194184,1
507672047,50003640,1
537951506,2463541910,1
353786894,82322622,1
537951506,120470332,1
353786894,402784738,1
262230432,2742056954,1
213969309,316341061,1
353786894,49835387,1
537951506,363142018,1
537951506,462346627,1
213969309,1374387865,1
394892872,2788626986,1
516464106,49391820,1
213969309,214791922,1
507672047,871490042,1
516464106,201792834,1
516464106,842865091993354240,1
262230432,1359603444,1
213969309,18647765,1
214413743,197314637,1
537951506,92245322,1
213969309,551817094,1
394892872,20723481,1
353786894,186009251,1
507672047,116281535,1
507672047,34394666,1
507672047,4874420380,1
213969309,582813534,1
213969309,38170974,1
262230432,344634424,1
394892872,507672047,1
507672047,971608718,1
537951506,128532255,1
353786894,249610294,1
516464106,315373823,1
213969309,27045028,1
537951506,54620528,1
516464106,27799311,1
516464106,299827455,1
537951506,784295671,1
353786894,63490735,1
213969309,15485441,1
213969309,24228913,1
537951506,2873763009,1
353786894,1037633133523423232,1
516464106,151393774,1
213969309,40908929,1
213969309,119691332,1
516464106,1069560776,1
902951244549038081,3394094229,1
537951506,210775513,1
353786894,17540485,1
213969309,149103331,1
262230432,1230676218770579456,1
537951506,58444150,1
516464106,432507102,1
262230432,1243891825372528643,1
213969309,2307252283,1
213969309,87429715,1
394892872,402180396,1
516464106,371230439,1
537951506,896208993869103104,1
353786894,30087521,1
394892872,1006611474,1
214413743,18381291,1
262230432,249601656,1
516464106,2732818747,1
537951506,245556939,1
537951506,320656608,1
213969309,185314895,1
537951506,52686916,1
353786894,1707855049,1
516464106,707494670,1
537951506,60505763,1
213969309,24672558,1
213969309,296295534,1
214413743,84466455,1
516464106,336761705,1
353786894,516464106,1
353786894,82097756,1
213969309,344584770,1
507672047,41562632,1
353786894,27034001,1
213969309,18676177,1
262230432,1339896612,1
213969309,893586631,1
213969309,85452649,1
507672047,179414795,1
394892872,507534639,1
394892872,21710527,1
507672047,336079225,1
516464106,456144541,1
394892872,471287735,1
213969309,105803637,1
516464106,970815103,1
507672047,130467621,1
537951506,194940466,1
537951506,540198836,1
516464106,1151091,1
537951506,102323621,1
213969309,26589987,1
353786894,23791197,1
214413743,3007783135,1
394892872,906473618,1
353786894,24871778,1
213969309,24871896,1
213969309,50393960,1
516464106,266216541,1
214413743,3058916672,1
353786894,533085085,1
537951506,1295511949,1
214413743,133806392,1
394892872,989866222689947650,1
213969309,332131586,1
394892872,2993035001,1
394892872,472275933,1
394892872,273538402,1
537951506,171618490,1
537951506,589339566,1
394892872,3414378138,1
213969309,307855451,1
214413743,1962711,1
537951506,539297117,1
516464106,1542453360,1
213969309,27844479,1
213969309,105297123,1
537951506,951849552,1
516464106,3960648324,1
516464106,164786871,1
902951244549038081,1143472657,1
353786894,21396136,1
353786894,108247668,1
353786894,318967677,1
394892872,1018343204,1
394892872,291278023,1
262230432,56672870,1
213969309,139376363,1
394892872,43184334,1
213969309,26032912,1
353786894,259185692,1
537951506,466649242,1
213969309,274986503,1
213969309,1925933000,1
353786894,116504344,1
516464106,226813577,1
353786894,259925559,1
213969309,1652460752,1
213969309,1947121086,1
902951244549038081,2222976084,1
262230432,26235265,1
394892872,2742194289,1
902951244549038081,38170974,1
214413743,321021481,1
353786894,79412477,1
537951506,59394230,1
394892872,1143472657,1
537951506,2810013486,1
507672047,39814938,1
213969309,290097288,1
507672047,242070473,1
213969309,397306167,1
516464106,156635674,1
394892872,2222976084,1
213969309,190606404,1
516464106,81667386,1
394892872,2471739785,1
213969309,1186304538,1
516464106,63145571,1
516464106,1623965174,1
353786894,403939262,1
353786894,624930899,1
394892872,285332860,1
394892872,804843254,1
262230432,277375907,1
213969309,44571430,1
394892872,312652819,1
262230432,168630392,1
353786894,112785317,1
394892872,38170974,1
213969309,255388236,1
516464106,2633624624,1
537951506,301426313,1
394892872,514005567,1
516464106,3053277658,1
394892872,63945621,1
213969309,54502344,1
353786894,45112524,1
213969309,46335511,1
537951506,24871896,1
516464106,2287246848,1
353786894,278694865,1
353786894,151398671,1
262230432,3077582127,1
353786894,217461138,1
213969309,15531225,1
537951506,17508484,1
213969309,10926872,1
537951506,330086731,1
394892872,997951518,1
516464106,398529037,1
353786894,157932865,1
213969309,1000609382,1
516464106,102076372,1
516464106,48391223,1
507672047,1098828360,1
394892872,239172505,1
516464106,115038550,1
262230432,4852859639,1
507672047,1121441719,1
394892872,246735213,1
213969309,23083404,1
394892872,386420143,1
214413743,49153854,1
537951506,119073171,1
516464106,2830604556,1
537951506,22949587,1
262230432,267220090,1
213969309,295369312,1
213969309,1330457336,1
213969309,42640655,1
516464106,1011994861803843584,1
213969309,26565946,1
516464106,392886372,1
516464106,1231506325,1
537951506,120088875,1
353786894,368276033,1
213969309,79293791,1
353786894,1265898686942457857,1
516464106,2409889953,1
213969309,158668986,1
213969309,116757352,1
213969309,326040222,1
516464106,23575595,1
537951506,629580492,1
507672047,102646663,1
537951506,1229481818,1
213969309,118527732,1
537951506,102620524,1
213969309,57594845,1
214413743,35324363,1
213969309,71107168,1
214413743,17071337,1
394892872,78014414,1
214413743,278392569,1
516464106,133457988,1
213969309,13298072,1
213969309,108568373,1
394892872,2827589488,1
353786894,138041655,1
394892872,389415827,1
353786894,2980476791,1
394892872,441248065,1
213969309,146509611,1
353786894,3357107590,1
394892872,2900651432,1
213969309,33995409,1
213969309,85603854,1
353786894,138456571,1
213969309,457509378,1
902951244549038081,87698914,1
516464106,162840111,1
353786894,262230432,1
213969309,410811457,1
353786894,260305007,1
537951506,159392055,1
262230432,316989623,1
537951506,22464991,1
213969309,964344902,1
213969309,20464600,1
902951244549038081,382560919,1
537951506,83784709,1
353786894,3359284941,1
213969309,894229525,1
537951506,1098076669,1
394892872,2308208284,1
394892872,23440052,1
394892872,2277511217,1
213969309,47919645,1
537951506,497723386,1
213969309,574857684,1
516464106,224002832,1
537951506,220692710,1
353786894,2375037612,1
394892872,1241015653,1
213969309,44196397,1
213969309,1901544158,1
353786894,434425360,1
353786894,332320612,1
213969309,2490105636,1
353786894,23746926,1
394892872,286196788,1
537951506,195199790,1
394892872,2298877521,1
394892872,382560919,1
537951506,1252491787,1
537951506,1003827116,1
537951506,53047484,1
537951506,31209800,1
214413743,183066104,1
262230432,634776678,1
394892872,392769214,1
516464106,272570677,1
516464106,248200951,1
516464106,4213926433,1
516464106,861677222125613056,1
214413743,66010028,1
537951506,86740435,1
213969309,441988221,1
353786894,2905232597,1
516464106,537593403,1
353786894,437610627,1
507672047,246772342,1
353786894,615303059,1
394892872,610878126,1
353786894,78030647,1
516464106,2333905358,1
537951506,2253219642,1
537951506,116757352,1
394892872,44340677,1
213969309,49745621,1
353786894,740336334,1
262230432,181698945,1
353786894,226087776,1
353786894,515788201,1
537951506,15603629,1
516464106,3577555516,1
537951506,281020991,1
353786894,277984168,1
537951506,599325500,1
214413743,21200516,1
516464106,151825149,1
537951506,2832522954,1
516464106,3569082262,1
394892872,21046818,1
353786894,125832497,1
353786894,3143321146,1
213969309,27660239,1
214413743,376035528,1
213969309,86988101,1
262230432,20517081,1
516464106,836842023839739905,1
353786894,379044969,1
394892872,2785695659,1
353786894,1214181376536141830,1
516464106,2788626986,1
214413743,568054769,1
213969309,34036028,1
213969309,17019152,1
516464106,395382012,1
394892872,843482970,1
213969309,24278900,1
214413743,267220090,1
353786894,393515272,1
516464106,217608336,1
902951244549038081,19596687,1
507672047,55353207,1
214413743,137419464,1
214413743,180936890,1
537951506,29774933,1
507672047,1229534000,1
262230432,449161756,1
537951506,69009066,1
537951506,964344902,1
537951506,20464600,1
394892872,525132711,1
213969309,17020962,1
516464106,4636048381,1
516464106,810047690079928320,1
213969309,68674747,1
213969309,212428690,1
516464106,2893511188,1
213969309,29268463,1
213969309,579022748,1
516464106,134517120,1
516464106,455253742,1
902951244549038081,2303406624,1
394892872,443896468,1
516464106,507672047,1
213969309,19528406,1
213969309,280563807,1
353786894,273181052,1
213969309,2367911,1
213969309,193768385,1
213969309,527526077,1
537951506,91083585,1
537951506,418565885,1
902951244549038081,490756890,1
507672047,501836993,1
394892872,2882426554,1
516464106,3314736112,1
537951506,1141137795639074817,1
353786894,53053378,1
213969309,21044208,1
213969309,202116088,1
507672047,494224617,1
213969309,514592974,1
394892872,94058128,1
213969309,275710913,1
516464106,571206183,1
213969309,20192529,1
394892872,37921477,1
353786894,65348998,1
213969309,388421804,1
394892872,490756890,1
394892872,504143250,1
213969309,57078391,1
516464106,3394094229,1
213969309,815171173,1
353786894,440192971,1
394892872,1196442078923890689,1
516464106,30969644,1
214413743,2811223651,1
516464106,275575393,1
353786894,112796335,1
213969309,251716551,1
213969309,461032683,1
213969309,880744466,1
213969309,796379897547456512,1
213969309,2813529350,1
507672047,214835263,1
516464106,24494557,1
516464106,264787053,1
537951506,443048842,1
516464106,520480267,1
262230432,987831605115924480,1
394892872,216299334,1
394892872,259143595,1
213969309,388755726,1
213969309,394892872,1
537951506,38485549,1
394892872,1115606832330895360,1
213969309,804195306,1
516464106,880087776,1
537951506,156606331,1
516464106,1427544619,1
516464106,1205532788,1
537951506,68674747,1
516464106,273538402,1
537951506,89674958,1
213969309,64929124,1
394892872,90636188,1
262230432,703581570,1
394892872,295345685,1
394892872,338299807,1
394892872,42080693,1
516464106,1084519470,1
214413743,1591083258,1
537951506,1498984512,1
353786894,91996343,1
262230432,716663341561856001,1
537951506,14082692,1
537951506,4854457427,1
213969309,1148580931,1
214413743,1064042478,1
353786894,249186003,1
262230432,18936161,1
213969309,305137579,1
213969309,1177200942,1
213969309,54060157,1
394892872,160926944,1
353786894,53767638,1
537951506,2219240586,1
213969309,68367000,1
902951244549038081,301521704,1
213969309,97497690,1
214413743,326889905,1
537951506,388421804,1
262230432,1538331162,1
353786894,3097815171,1
213969309,14293310,1
537951506,1548317628,1
214413743,17540485,1
213969309,270901752,1
516464106,2833479421,1
516464106,21893593,1
353786894,41785723,1
213969309,2362916395,1
262230432,201185868,1
353786894,281635993,1
537951506,917380349381943296,1
394892872,25729844,1
537951506,703751091,1
516464106,17991516,1
537951506,69534677,1
353786894,17229160,1
537951506,1144748396,1
516464106,910272702,1
507672047,353786894,1
213969309,471391075,1
394892872,248655839,1
213969309,627710324,1
507672047,106146884,1
214413743,537951506,1
213969309,8923182,1
537951506,569138069,1
516464106,607327599,1
213969309,2434072561,1
516464106,2506118940,1
902951244549038081,219422455,1
214413743,105106802,1
213969309,4852859639,1
537951506,1514446526,1
394892872,230845588,1
353786894,95023423,1
537951506,949238890912731137,1
213969309,72839595,1
394892872,461922813,1
213969309,24621955,1
537951506,137664676,1
213969309,371717957,1
213969309,34613288,1
507672047,309446385,1
213969309,176486829,1
537951506,3020236078,1
516464106,239172505,1
516464106,246735213,1
516464106,1007543311912054784,1
537951506,370056930,1
353786894,36339032,1
537951506,1725137533,1
213969309,131275346,1
213969309,211512883,1
213969309,2769471202,1
902951244549038081,2359476565,1
394892872,31401945,1
353786894,2281973432,1
262230432,246529246,1
213969309,49944178,1
262230432,368276033,1
213969309,1733131633,1
394892872,436646013,1
213969309,48973347,1
902951244549038081,26235265,1
213969309,787446301961101312,1
353786894,1107348942386352128,1
537951506,41137913,1
213969309,205343400,1
214413743,271287963,1
507672047,607281049,1
516464106,98821255,1
353786894,73395319,1
537951506,497110024,1
537951506,2337130332,1
214413743,62930327,1
537951506,153060554,1
516464106,1039791163,1
394892872,26235265,1
516464106,376369856,1
516464106,82274636,1
394892872,128155589,1
213969309,4612292957,1
262230432,368381739,1
394892872,40570695,1
213969309,24671834,1
213969309,203430438,1
213969309,204919415,1
353786894,110918338,1
213969309,219429467,1
213969309,142385519,1
516464106,1124064709295128581,1
537951506,3971623697,1
213969309,296176566,1
214413743,337327788,1
537951506,36595064,1
213969309,28420827,1
213969309,1158778426637074433,1
213969309,21111883,1
394892872,527414178,1
262230432,562953960,1
516464106,3108015385,1
537951506,224201809,1
213969309,1648012274,1
214413743,45342709,1
353786894,163335400,1
394892872,17336417,1
214413743,18132032,1
516464106,1474582112,1
213969309,525208028,1
213969309,116362700,1
213969309,392810046,1
516464106,1241015653,1
537951506,806513334967214080,1
537951506,1639897656,1
213969309,17441447,1
516464106,286196788,1
213969309,20600235,1
353786894,188039706,1
537951506,92096311,1
516464106,20232903,1
394892872,123897382,1
262230432,718180293962776577,1
353786894,69008563,1
213969309,170863272,1
213969309,17866834,1
353786894,358921502,1
902951244549038081,4852859639,1
516464106,155620461,1
353786894,436933792,1
516464106,1244597756,1
213969309,89019457,1
213969309,2217553644,1
537951506,898704629344518148,1
353786894,41562632,1
394892872,1020974738,1
516464106,197444594,1
394892872,146813134,1
537951506,46141753,1
394892872,70656063,1
353786894,179414795,1
262230432,93819292,1
214413743,39956893,1
394892872,314800268,1
213969309,7589572,1
213969309,1043142212,1
537951506,402629721,1
213969309,2762900763,1
213969309,20457051,1
213969309,108760644,1
394892872,4852859639,1
353786894,224362490,1
213969309,14055301,1
537951506,231992478,1
902951244549038081,1077080132,1
516464106,94788796,1
516464106,450105721,1
537951506,915560095,1
213969309,2396050928,1
213969309,1255237723,1
394892872,267220090,1
516464106,64199387,1
537951506,62325140,1
537951506,102789583,1
353786894,380929976,1
394892872,902951244549038081,1
353786894,80324287,1
213969309,35094637,1
516464106,241312286,1
537951506,115044590,1
394892872,55380356,1
214413743,44322834,1
213969309,1065549506,1
353786894,598524724,1
537951506,736341350,1
516464106,154221292,1
537951506,2261896773,1
537951506,525208028,1
213969309,38855581,1
516464106,2882426554,1
353786894,386628460,1
537951506,71308607,1
537951506,20600235,1
262230432,243794759,1
516464106,4572128140,1
516464106,995979576,1
213969309,1664704148,1
394892872,239796110,1
213969309,33933259,1
214413743,970154557,1
516464106,37921477,1
537951506,1174486086,1
516464106,43110738,1
213969309,2341103802,1
353786894,365311325,1
394892872,316989623,1
394892872,227710415,1
537951506,235910394,1
537951506,157055308,1
516464106,3060339928,1
213969309,198560066,1
507672047,479265563,1
213969309,432507102,1
516464106,16681420,1
394892872,8161232,1
902951244549038081,82322622,1
213969309,359317554,1
262230432,256569627,1
213969309,358996059,1
516464106,32340023,1
902951244549038081,4243890981,1
213969309,443790738,1
353786894,190659576,1
213969309,153694176,1
353786894,60706671,1
213969309,181572333,1
507672047,442190990,1
353786894,56655134,1
262230432,321388777,1
353786894,487468351,1
516464106,259143595,1
214413743,150490233,1
353786894,556260847,1
516464106,2194009618,1
394892872,215952307,1
213969309,223841564,1
537951506,196611071,1
213969309,207531430,1
516464106,19918839,1
213969309,1348494217,1
214413743,288092543,1
516464106,736451774,1
213969309,26281077,1
353786894,195199790,1
213969309,18220175,1
394892872,134402553,1
516464106,2742056954,1
214413743,57405172,1
516464106,257505939,1
516464106,78502161,1
213969309,166215202,1
213969309,3004231,1
537951506,248807431,1
213969309,15126525,1
516464106,42080693,1
213969309,217583912,1
262230432,894646935436623873,1
262230432,1011570977816432640,1
394892872,706563526530355200,1
213969309,60608605,1
353786894,296783352,1
262230432,21710527,1
213969309,3113778663,1
516464106,77461238,1
213969309,41740613,1
394892872,20517081,1
262230432,249186003,1
507672047,214413743,1
213969309,158487331,1
213969309,17749407,1
507672047,407952890,1
213969309,728283781,1
353786894,2253219642,1
394892872,562852503,1
394892872,44122009,1
353786894,211598667,1
537951506,409892127,1
353786894,301921037,1
353786894,229447010,1
516464106,3049933093,1
537951506,34225599,1
507672047,98981085,1
537951506,178742348,1
213969309,404533704,1
537951506,432507102,1
214413743,519569566,1
213969309,376481231,1
537951506,183310558,1
516464106,1635567745,1
902951244549038081,516464106,1
213969309,118999136,1
507672047,28297965,1
213969309,266189468,1
516464106,62122150,1
262230432,1331348946996895747,1
353786894,591331644,1
213969309,22155975,1
516464106,175420754,1
516464106,264348057,1
213969309,22086481,1
516464106,418147815,1
516464106,301521704,1
537951506,64725596,1
214413743,45843783,1
537951506,707494670,1
213969309,96658827,1
537951506,614529484,1
537951506,336761705,1
537951506,103821088,1
213969309,21845792,1
394892872,892376924856745984,1
516464106,1596940411,1
213969309,49346330,1
213969309,610323010,1
213969309,813286,1
213969309,369789069,1
394892872,516464106,1
507672047,57099808,1
353786894,321021481,1
537951506,602758870,1
262230432,563331028,1
537951506,368915372,1
507672047,970154557,1
537951506,1311627152,1
213969309,2201168993,1
507672047,118921833,1
353786894,1322807450,1
537951506,18936161,1
213969309,25027806,1
213969309,281074691,1
214413743,1848470713,1
262230432,36339032,1
537951506,158487331,1
353786894,105830515,1
214413743,40837929,1
516464106,167806135,1
394892872,24871778,1
213969309,40915934,1
516464106,19762524,1
537951506,412659618,1
507672047,113195690,1
353786894,143539576,1
353786894,246772342,1
213969309,1221908557,1
537951506,210941573,1
394892872,77574948,1
213969309,257941201,1
394892872,268325101,1
537951506,594802359,1
507672047,414248813,1
507672047,162835089,1
516464106,932550269967175680,1
537951506,1630863002,1
394892872,21396136,1
537951506,2674450344,1
516464106,1044724247900426241,1
394892872,155642429,1
394892872,318967677,1
516464106,720303639277928448,1
353786894,16240253,1
213969309,19777398,1
213969309,2812768561,1
902951244549038081,3063082745,1
353786894,2336701140,1
213969309,421399920,1
394892872,50883209,1
213969309,1206047737,1
537951506,175432669,1
537951506,329686741,1
537951506,4263884412,1
537951506,282489947,1
394892872,79412477,1
516464106,26235265,1
537951506,156635674,1
516464106,112289040,1
537951506,813286,1
213969309,22124284,1
213969309,28897926,1
213969309,1534075933,1
213969309,18685080,1
213969309,111280097,1
516464106,806108849639931904,1
516464106,208034373,1
537951506,91062278,1
353786894,87541152,1
353786894,501836993,1
213969309,26264871,1
214413743,41785723,1
516464106,142204955,1
214413743,796865185,1
394892872,112785317,1
213969309,71223470,1
214413743,847123669,1
537951506,249694071,1
537951506,1961047861,1
213969309,236389157,1
394892872,931712743,1
516464106,79319762,1
516464106,168630392,1
262230432,1287271219,1
507672047,48579013,1
394892872,1148332369,1
213969309,268852436,1
394892872,45112524,1
262230432,69008563,1
213969309,1292923105,1
213969309,2815728328,1
213969309,1590363918,1
537951506,1595318378,1
507672047,720949217506811904,1
213969309,329112005,1
213969309,982127564,1
353786894,309745121,1
213969309,2252793199,1
213969309,37672107,1
213969309,352883307,1
262230432,2986992017,1
537951506,1221908557,1
394892872,2411197734,1
537951506,578781089,1
394892872,506269108,1
537951506,631133410,1
213969309,93819292,1
537951506,102076372,1
213969309,2303336750,1
213969309,191879849,1
213969309,1290822972,1
213969309,503569030,1
516464106,1858288124,1
516464106,265483421,1
537951506,48391223,1
213969309,107167985,1
516464106,15873108,1
213969309,17461978,1
394892872,112856028,1
902951244549038081,184329890,1
213969309,31224982,1
214413743,6446742,1
213969309,183116083,1
516464106,2907826757,1
394892872,2468867124,1
394892872,951367680,1
507672047,193047282,1
213969309,2520927496,1
537951506,81828409,1
516464106,932587838453010432,1
537951506,1231506325,1
537951506,875840600,1
353786894,25862956,1
516464106,53343256,1
507672047,443804285,1
262230432,80324287,1
213969309,2501367204,1
394892872,184329890,1
537951506,23575595,1
507672047,89774467,1
394892872,368276033,1
213969309,2522974178,1
213969309,23006794,1
516464106,168623183,1
353786894,398284839,1
394892872,16143542,1
213969309,593796512,1
516464106,51032310,1
516464106,307286301,1
394892872,22622572,1
214413743,523766497,1
537951506,977020204071792641,1
902951244549038081,262230432,1
262230432,475936983,1
213969309,23065354,1
214413743,420978767,1
516464106,1077080132,1
394892872,242923013,1
262230432,589103445,1
262230432,301678233,1
394892872,138041655,1
516464106,121650893,1
516464106,1349672054,1
537951506,162840111,1
353786894,21200516,1
507672047,364612474,1
537951506,3881212043,1
507672047,2470554600,1
213969309,20335914,1
394892872,138456571,1
507672047,261724370,1
394892872,152311683,1
394892872,262230432,1
213969309,2563290106,1
516464106,496166820,1
214413743,707241329433190400,1
353786894,105451020,1
353786894,1423506588,1
516464106,239796110,1
353786894,213969309,1
537951506,93819292,1
213969309,1186194762,1
537951506,331337903,1
516464106,316989623,1
537951506,1943324760,1
213969309,47196766,1
516464106,534801397,1
902951244549038081,718180293962776577,1
516464106,132471744,1
537951506,185562211,1
353786894,443928046,1
213969309,444043048,1
516464106,3256068152,1
213969309,379359269,1
213969309,23613479,1
394892872,111280097,1
353786894,47395667,1
516464106,1122419670,1
213969309,160906926,1
213969309,109328430,1
507672047,30969644,1
214413743,69008563,1
213969309,96669212,1
213969309,20565284,1
516464106,634776678,1
394892872,437610627,1
213969309,184910040,1
213969309,417074878,1
516464106,4105585240,1
394892872,78030647,1
214413743,41562632,1
213969309,10302222,1
537951506,550811350,1
214413743,97305237,1
394892872,226087776,1
537951506,495945904,1
213969309,42511158,1
537951506,822237658630025217,1
213969309,11348282,1
537951506,2236860467,1
262230432,1098828360,1
394892872,113355808,1
213969309,24929621,1
213969309,28165335,1
516464106,28105233,1
537951506,2788626986,1
507672047,2873763009,1
507672047,540216621,1
213969309,226889468,1
537951506,766170595470049280,1
394892872,77688594,1
214413743,24871896,1
394892872,407682390,1
213969309,320868455,1
537951506,382089926,1
213969309,22266283,1
262230432,1144279061348462592,1
213969309,16544437,1
213969309,327079059,1
516464106,20517081,1
213969309,300495594,1
213969309,18812572,1
262230432,1391917958,1
537951506,507672047,1
262230432,229447010,1
516464106,14100010,1
262230432,950341134,1
353786894,418531720,1
353786894,23505298,1
516464106,44122009,1
213969309,35117415,1
516464106,101429458,1
507672047,448726686,1
902951244549038081,243794759,1
213969309,31239408,1
213969309,6249572,1
214413743,16348455,1
262230432,1005827778,1
213969309,2444302316,1
353786894,607281049,1
394892872,1337785291,1
516464106,520680837,1
394892872,223851869,1
213969309,1143472657,1
394892872,243794759,1
214413743,42900685,1
516464106,523065604,1
537951506,88672929,1
262230432,1093333477,1
537951506,30969644,1
353786894,800536976,1
537951506,169033771,1
213969309,2471739785,1
213969309,21093744,1
537951506,21710527,1
213969309,1046090203,1
213969309,1108050829393707008,1
213969309,406819338,1
213969309,297853381,1
516464106,816972201429565440,1
394892872,317964118,1
214413743,223299859,1
214413743,519469273,1
353786894,110999963,1
214413743,6761682,1
213969309,465723566,1
213969309,442947616,1
353786894,1573051255,1
213969309,587679454,1
516464106,387262364,1
507672047,1097863435919024128,1
537951506,3164670655,1
353786894,45578562,1
516464106,31645687,1
537951506,430554250,1
394892872,406451141,1
213969309,169686021,1
213969309,48410093,1
902951244549038081,113301403,1
516464106,24871778,1
516464106,20624564,1
213969309,248745292,1
353786894,354198516,1
902951244549038081,2650413864,1
507672047,146430315,1
213969309,61049122,1
213969309,23627469,1
516464106,352946185,1
213969309,1410469776,1
262230432,16663336,1
537951506,231852352,1
214413743,195199790,1
537951506,411591978,1
353786894,38381308,1
353786894,1001841554183606272,1
213969309,239172505,1
353786894,537951506,1
262230432,16240253,1
394892872,113301403,1
213969309,386420143,1
213969309,21801827,1
353786894,101485496,1
516464106,155642429,1
353786894,413383203,1
516464106,703581570,1
516464106,318967677,1
213969309,18222378,1
213969309,850785200,1
213969309,21772752,1
213969309,207667492,1
537951506,102119096,1
537951506,426808959,1
214413743,116757352,1
394892872,1469175054,1
516464106,50883209,1
537951506,402274197,1
516464106,196618084,1
537951506,1143472657,1
213969309,168263918,1
394892872,21701217,1
213969309,738396738,1
507672047,156997331,1
353786894,1631317417,1
213969309,32959253,1
353786894,114729566,1
516464106,2698579249,1
213969309,168542533,1
394892872,468551805,1
516464106,185372900,1
537951506,2222976084,1
213969309,32845659,1
507672047,819874788537761792,1
213969309,133880286,1
507672047,705315404089069568,1
214413743,373181381,1
262230432,87541152,1
537951506,832044229752819712,1
353786894,429884655,1
213969309,25879140,1
537951506,61894608,1
516464106,287077661,1
394892872,998117186,1
507672047,553689508,1
394892872,2853456283,1
537951506,2900662775,1
394892872,281635993,1
516464106,112785317,1
214413743,29774933,1
213969309,28862745,1
507672047,1172069016699117568,1
516464106,803485238,1
353786894,266293743,1
507672047,16348455,1
516464106,1148332369,1
507672047,23440052,1
213969309,482425211,1
213969309,115686791,1
213969309,55780632,1
213969309,23889634,1
213969309,40851965,1
213969309,2766245131,1
214413743,19159855,1
516464106,1880574811,1
537951506,2789608612,1
214413743,66780587,1
214413743,40048432,1
394892872,250071522,1
516464106,366437908,1
537951506,239172505,1
213969309,15846407,1
507672047,91847628,1
353786894,45928213,1
262230432,484657858,1
394892872,455214827,1
353786894,64725596,1
213969309,382560919,1
214413743,7018872,1
537951506,718163917835476997,1
353786894,336761705,1
537951506,78342014,1
394892872,296908199,1
394892872,36339032,1
516464106,798219859809234944,1
213969309,155620461,1
537951506,3060152817,1
353786894,267274202,1
353786894,183387449,1
214413743,44555996,1
214413743,246772342,1
394892872,50003640,1
213969309,14423603,1
214413743,398366631,1
214413743,28247294,1
537951506,277075419,1
213969309,192685104,1
353786894,293032059,1
214413743,250791554,1
516464106,989993370058657793,1
516464106,184329890,1
516464106,246529246,1
516464106,368276033,1
537951506,1443474499,1
537951506,65042904,1
516464106,1134552730146500608,1
516464106,16143542,1
394892872,1186567051,1
262230432,142334370,1
516464106,22622572,1
516464106,16148062,1
394892872,5402612,1
516464106,891832270360723457,1
902951244549038081,971608718,1
516464106,10503302,1
537951506,459394056,1
213969309,53161423,1
213969309,3014299882,1
214413743,346925656,1
353786894,151123001,1
537951506,2155215398,1
353786894,19267015,1
353786894,33915140,1
353786894,214413743,1
516464106,242923013,1
262230432,46114809,1
353786894,407952890,1
213969309,4052757497,1
537951506,322593796,1
214413743,55353207,1
537951506,456041269,1
353786894,504911569,1
516464106,244581900,1
213969309,2401256965,1
213969309,268414482,1
262230432,213969309,1
394892872,110918338,1
516464106,262230432,1
394892872,971608718,1
213969309,69969322,1
537951506,23440052,1
353786894,252055463,1
394892872,46388541,1
262230432,978586015987200001,1
537951506,2277511217,1
262230432,543582006,1
507672047,1935911353,1
902951244549038081,69008563,1
213969309,33900164,1
214413743,87541152,1
262230432,1357114675,1
353786894,261895325,1
213969309,175025658,1
537951506,101664219,1
213969309,29312953,1
537951506,807735986,1
214413743,198624698,1
213969309,28893235,1
516464106,2375037612,1
537951506,382560919,1
537951506,2365743566,1
353786894,28297965,1
516464106,2991273945,1
213969309,14872237,1
537951506,252327883,1
902951244549038081,179414795,1
214413743,93091480,1
516464106,1677541939,1
394892872,69008563,1
516464106,22412376,1
394892872,1903382054,1
213969309,433525195,1
353786894,59429920,1
213969309,490756890,1
394892872,221817464,1
537951506,389438626,1
537951506,9740952,1
516464106,718180293962776577,1
213969309,403648134,1
394892872,17833316,1
213969309,29817035,1
353786894,57099808,1
394892872,19458048,1
213969309,722321498,1
394892872,97305237,1
353786894,14063426,1
353786894,970154557,1
537951506,422716387,1
507672047,25986796,1
353786894,118921833,1
516464106,113355808,1
353786894,64055228,1
213969309,926327125,1
516464106,829932286090948608,1
213969309,815522172,1
262230432,550414683,1
353786894,1298738509,1
262230432,1178535620,1
516464106,832006631244316672,1
213969309,41894625,1
213969309,217282526,1
262230432,4871383299,1
213969309,47720230,1
353786894,57057453,1
213969309,278951300,1
516464106,117299815,1
353786894,1640169925,1
516464106,406566593,1
516464106,116983337,1
902951244549038081,589103445,1
213969309,29718202,1
262230432,140475562,1
537951506,16144151,1
537951506,478492840,1
213969309,226216272,1
213969309,401451210,1
213969309,90636188,1
516464106,104840893,1
213969309,78502161,1
213969309,295345685,1
516464106,1271669040,1
213969309,73992972,1
213969309,338299807,1
353786894,1626218484,1
537951506,133663801,1
394892872,20775856,1
516464106,74153895,1
353786894,54359532,1
214413743,33866397,1
394892872,196235064,1
262230432,607281049,1
353786894,75517951,1
394892872,475936983,1
394892872,301678233,1
394892872,496969269,1
394892872,167922686,1
516464106,3258981481,1
516464106,20765987,1
353786894,23575595,1
537951506,2303406624,1
213969309,160926944,1
537951506,37921477,1
902951244549038081,2221276261,1
262230432,813177305170411520,1
507672047,4447513937,1
507672047,344634424,1
394892872,455801373,1
537951506,490756890,1
214413743,213969309,1
537951506,270726905,1
537951506,504143250,1
516464106,243794759,1
516464106,269969340,1
213969309,401681146,1
353786894,110755259,1
394892872,2221276261,1
394892872,83870452,1
516464106,317964118,1
213969309,1263991758,1
262230432,45578562,1
213969309,204455396,1
213969309,561425395,1
537951506,822564395448406017,1
507672047,14082692,1
537951506,259143595,1
516464106,256569627,1
262230432,750966110,1
213969309,26113869,1
537951506,62873433,1
214413743,310463188,1
214413743,353786894,1
902951244549038081,1098828360,1
262230432,421957377,1
394892872,83454764,1
214413743,65477401,1
394892872,556260847,1
213969309,2731624336,1
213969309,248655839,1
516464106,233606593,1
213969309,196095394,1
516464106,22169773,1
213969309,21317078,1
537951506,90636188,1
537951506,2742056954,1
537951506,78502161,1
537951506,295345685,1
213969309,48459607,1
262230432,537951506,1
213969309,1398697484,1
394892872,1098828360,1
213969309,283527719,1
516464106,231183280,1
394892872,2817048199,1
537951506,24738644,1
353786894,315357209,1
394892872,158261220,1
262230432,795706005816561664,1
537951506,278600503,1
213969309,51165711,1
213969309,19087563,1
213969309,49153854,1
213969309,19762524,1
213969309,46785439,1
537951506,3302900980,1
537951506,437520768,1
537951506,300887235,1
213969309,29445539,1
213969309,17753033,1
214413743,415281877,1
516464106,21710527,1
516464106,507534639,1
213969309,55457727,1
394892872,124447210,1
537951506,604773772,1
537951506,3699668893,1
213969309,25365536,1
353786894,207071479,1
537951506,809692112916803585,1
537951506,53058365,1
516464106,52739713,1
394892872,229447010,1
213969309,140409019,1
516464106,429012364,1
516464106,1858526425,1
353786894,379207068,1
537951506,1635567745,1
537951506,435368416,1
394892872,2340019143,1
213969309,790054376,1
537951506,264348057,1
516464106,19040580,1
394892872,377445607,1
262230432,108247668,1
537951506,1757667020,1
537951506,1044826291,1
213969309,35397242,1
353786894,485511296,1
214413743,115044590,1
353786894,566356028,1
213969309,1446563042,1
213969309,26235265,1
516464106,281635993,1
213969309,128155589,1
537951506,406509362,1
262230432,2446919082,1
213969309,25421094,1
353786894,89194184,1
537951506,310203348,1
537951506,71370894,1
537951506,248655839,1
213969309,278962979,1
213969309,329281033,1
214413743,525208028,1
537951506,522342621,1
394892872,336566117,1
394892872,321021481,1
537951506,119260859,1
353786894,462346627,1
214413743,20600235,1
516464106,335651862,1
213969309,149726145,1
262230432,45575696,1
537951506,235984043,1
516464106,1550660148,1
213969309,28035260,1
537951506,469642099,1
214413743,170863272,1
507672047,36783122,1
214413743,1174486086,1
516464106,286505380,1
516464106,612372274,1
353786894,59841416,1
516464106,246596682,1
213969309,330504800,1
262230432,1292827306428424194,1
214413743,1968679394,1
213969309,21133007,1
262230432,320987486,1
537951506,175479505,1
213969309,36008570,1
516464106,50003640,1
507672047,120157552,1
213969309,5528562,1
394892872,22903129,1
537951506,247216854,1
213969309,225164953,1
213969309,146813134,1
213969309,80811447,1
262230432,890958722402582528,1
507672047,4852859639,1
213969309,35859588,1
353786894,2873763009,1
394892872,528138196,1
516464106,363176317,1
507672047,1026405590824828930,1
516464106,1186567051,1
516464106,19503627,1
213969309,1683584335,1
213969309,764581088,1
214413743,101485496,1
213969309,381648806,1
214413743,67494940,1
516464106,20474687,1
213969309,14123683,1
213969309,1581230341,1
262230432,214413743,1
537951506,201829618,1
902951244549038081,106465580,1
394892872,606528011,1
213969309,2412685876,1
213969309,32453930,1
516464106,147973743,1
213969309,250693424,1
537951506,26235265,1
213969309,46257156,1
353786894,393380570,1
537951506,128155589,1
213969309,322719842,1
213969309,902951244549038081,1
507672047,514629390,1
213969309,19058681,1
353786894,52686916,1
537951506,147558951,1
353786894,211269846,1
353786894,108994652,1
213969309,44084633,1
213969309,793861356,1
516464106,971608718,1
537951506,627673190,1
516464106,357294577,1
394892872,333581964,1
537951506,1374634446,1
394892872,87541152,1
394892872,1146085999,1
214413743,97082147,1
262230432,886426412,1
516464106,19199375,1
537951506,18332190,1
394892872,1086123864,1
213969309,79028696,1
213969309,738591266,1
213969309,1572543199,1
507672047,325164911,1
353786894,54711948,1
213969309,222763313,1
213969309,214505883,1
213969309,319148815,1
507672047,102789583,1
537951506,74594552,1
516464106,69008563,1
213969309,28209292,1
213969309,144884794,1
516464106,3332662143,1
213969309,939091,1
516464106,848592496015888384,1
262230432,1348244611022680065,1
537951506,1020974738,1
516464106,221817464,1
353786894,472828135,1
214413743,183310558,1
213969309,313295547,1
394892872,538031518,1
537951506,303765136,1
394892872,20186756,1
213969309,2181174975,1
213969309,478958969,1
213969309,20400636,1
537951506,371780811,1
213969309,229454266,1
537951506,4852859639,1
516464106,188109073,1
537951506,566680694,1
537951506,2539953192,1
394892872,114751059,1
213969309,73438486,1
213969309,20646711,1
537951506,97008507,1
213969309,479315245,1
213969309,39290661,1
213969309,148806206,1
213969309,121078420,1
213969309,18625669,1
537951506,267220090,1
262230432,920582396793278465,1
353786894,4691127572,1
537951506,902951244549038081,1
353786894,15095537,1
213969309,215952307,1
394892872,48732915,1
353786894,229042636,1
262230432,414248813,1
516464106,551737989,1
516464106,448976021,1
537951506,307286301,1
213969309,21447363,1
262230432,20374908,1
353786894,1225135152,1
213969309,1650099428,1
213969309,25804151,1
214413743,89225719,1
507672047,235910394,1
507672047,157055308,1
353786894,214010563,1
537951506,37342539,1
516464106,2308368896,1
213969309,171174540,1
213969309,203889742,1
516464106,14604870,1
213969309,138372303,1
537951506,121650893,1
507672047,313245901,1
902951244549038081,213969309,1
353786894,107872957,1
213969309,15764644,1
516464106,135358754,1
902951244549038081,189829354,1
213969309,34343928,1
516464106,515933811,1
214413743,710741541640228864,1
394892872,21200516,1
516464106,301678233,1
353786894,56652148,1
394892872,234550196,1
353786894,24871896,1
213969309,873225362,1
353786894,1131131095,1
213969309,759251,1
537951506,1258919365,1
213969309,19405774,1
213969309,241650413,1
537951506,265618431,1
507672047,3811833492,1
213969309,394399462,1
537951506,316989623,1
394892872,213969309,1
516464106,455801373,1
262230432,1196462229811531777,1
262230432,4201552600,1
214413743,249433344,1
213969309,52085092,1
353786894,17508484,1
516464106,1412776508,1
394892872,81187403,1
213969309,1037633133523423232,1
516464106,343479206,1
394892872,1053294634598842368,1
262230432,267304766,1
262230432,86221966,1
394892872,529612271,1
213969309,2416209834,1
353786894,282637448,1
262230432,215592250,1
537951506,41318264,1
353786894,21014439,1
213969309,754823287,1
537951506,435802919,1
214413743,28297965,1
213969309,30354991,1
213969309,1590531002,1
516464106,238431491,1
516464106,83870452,1
394892872,442136612,1
213969309,1908540475,1
516464106,1708443876,1
516464106,2559865245,1
537951506,63262033,1
213969309,773280684173463552,1
507672047,607002158,1
213969309,58462957,1
213969309,99972077,1
213969309,19329393,1
394892872,353786894,1
394892872,250588578,1
353786894,23440052,1
213969309,2195502974,1
213969309,269955099,1
516464106,57266867,1
213969309,20817934,1
537951506,82322622,1
516464106,1018210472,1
213969309,1451296460,1
516464106,4835646819,1
537951506,402784738,1
213969309,264059376,1
213969309,114052770,1
213969309,155927976,1
516464106,556260847,1
537951506,28105233,1
213969309,516464106,1
394892872,416264360,1
902951244549038081,229454266,1
213969309,42893223,1
213969309,2447234502,1
394892872,757979287790182400,1
214413743,118921833,1
213969309,17174309,1
262230432,1318976176480833537,1
353786894,158063315,1
353786894,67613844,1
537951506,364399058,1
537951506,706563526530355200,1
214413743,27043533,1
214413743,38026892,1
516464106,827675748,1
516464106,1121441719,1
507672047,183310558,1
537951506,244906949,1
507672047,277418664,1
353786894,222425321,1
262230432,2847193157,1
394892872,309366491,1
394892872,156761314,1
537951506,351870913,1
213969309,256881576,1
214413743,20358637,1
537951506,43967367,1
213969309,61593861,1
507672047,17923624,1
214413743,555076123,1
214413743,34576430,1
213969309,897822425991311365,1
394892872,726288434,1
537951506,104191416,1
516464106,116278670,1
507672047,1266080942227099653,1
537951506,63490735,1
516464106,229447010,1
213969309,378912984,1
262230432,492976223,1
516464106,1012470011078762496,1
507672047,248879448,1
394892872,607281049,1
213969309,62290422,1
213969309,121034444,1
537951506,2562969595,1
537951506,432703762,1
213969309,219336956,1
213969309,1173786858,1
213969309,734492654755577858,1
353786894,53047484,1
213969309,50883209,1
213969309,1552996111,1
213969309,327044036,1
262230432,2650413864,1
214413743,21586418,1
353786894,145992645,1
537951506,187776880,1
537951506,892376924856745984,1
214413743,117621915,1
213969309,609057571,1
262230432,1314816266,1
213969309,3063082745,1
537951506,516464106,1
353786894,116757352,1
537951506,344615243,1
537951506,400771413,1
507672047,72887574,1
537951506,384328131,1
213969309,2305825795,1
537951506,2637582405,1
537951506,2447234502,1
353786894,15603629,1
213969309,888580203907338240,1
516464106,169248299,1
214413743,108293886,1
516464106,37680901,1
213969309,31442497,1
394892872,45578562,1
213969309,45112524,1
537951506,24871778,1
516464106,487285697,1
262230432,3067604367,1
394892872,17540485,1
537951506,1210159567,1
214413743,261289670,1
214413743,134256935,1
516464106,578571945,1
902951244549038081,537951506,1
394892872,2542095098,1
213969309,393716910,1
394892872,421957377,1
353786894,29774933,1
353786894,517657650,1
507672047,156635674,1
213969309,543500887,1
394892872,62555920,1
213969309,1636590253,1
213969309,22685200,1
213969309,2656744153,1
213969309,2295581915,1
537951506,703581570,1
262230432,210775513,1
214413743,36865454,1
537951506,318967677,1
394892872,155927976,1
213969309,1950213860,1
353786894,236882792,1
516464106,598642412,1
394892872,105106802,1
516464106,16240253,1
537951506,50883209,1
516464106,81089721,1
213969309,784680583,1
394892872,30180137,1
902951244549038081,737641068238409728,1
516464106,717510974769528832,1
213969309,14230524,1
213969309,26548314,1
213969309,368276033,1
394892872,145396225,1
214413743,30506859,1
537951506,27343080,1
213969309,1227242064,1
516464106,2301399106,1
213969309,1034428993,1
394892872,291045727,1
537951506,1367536086,1
516464106,157198755,1
902951244549038081,108247668,1
537951506,3063082745,1
902951244549038081,205415788,1
214413743,395382012,1
516464106,294115325,1
213969309,22622572,1
353786894,1333166752805638146,1
353786894,277501982,1
394892872,2975221227,1
213969309,19555067,1
516464106,333581964,1
537951506,112785317,1
516464106,87541152,1
213969309,786951712217202688,1
213969309,3164353295,1
537951506,931712743,1
394892872,108247668,1
537951506,1148332369,1
537951506,45112524,1
214413743,507672047,1
507672047,321317369,1
262230432,1295511949,1
353786894,311430997,1
516464106,564869563,1
394892872,121034444,1
537951506,151398671,1
353786894,1464295423,1
213969309,262230432,1
213969309,478419428,1
353786894,344634424,1
214413743,39753512,1
214413743,19699509,1
394892872,105559224,1
537951506,217461138,1
537951506,2411197734,1
353786894,3245453002,1
537951506,506269108,1
537951506,123830541,1
213969309,19028953,1
353786894,156606331,1
213969309,171404842,1
353786894,68674747,1
353786894,122005703,1
213969309,110365072,1
213969309,37896651,1
537951506,32455481,1
214413743,43144245,1
507672047,397390720,1
537951506,157932865,1
516464106,543230613,1
353786894,76701961,1
213969309,104249727,1
537951506,326698989,1
213969309,281551749,1
516464106,147558951,1
537951506,52161014,1
213969309,373490578,1
516464106,55686023,1
262230432,551711726,1
353786894,14082692,1
214413743,30969644,1
213969309,22412376,1
537951506,111591911,1
394892872,1978843657,1
213969309,162749920,1
214413743,275575393,1
353786894,1389377227,1
213969309,157140968,1
537951506,79236078,1
537951506,246529246,1
537951506,368276033,1
516464106,2455740283,1
507672047,352883307,1
902951244549038081,214413743,1
537951506,16143542,1
353786894,249379900,1
213969309,226087776,1
213969309,740336334,1
213969309,274040176,1
537951506,22622572,1
394892872,592604309,1
394892872,517685243,1
262230432,251991795,1
516464106,842072275,1
213969309,233515744,1
516464106,142334370,1
516464106,75992240,1
516464106,750665742,1
516464106,735594277041016834,1
516464106,338962067,1
394892872,214413743,1
537951506,191018324,1
213969309,19982092,1
537951506,138456571,1
353786894,1144748396,1
537951506,262230432,1
537951506,901813320,1
353786894,29270179,1
516464106,1581230341,1
516464106,40054563,1
213969309,499008656,1
537951506,368381739,1
516464106,205622300,1
516464106,213969309,1
537951506,632089798,1
537951506,1116653126,1
537951506,562953960,1
537951506,2375037612,1
213969309,17169320,1
213969309,25932445,1
214413743,594398129,1
537951506,426488154,1
353786894,3020236078,1
394892872,28297965,1
213969309,1337785291,1
213969309,1301456779,1
516464106,514347333,1
516464106,999288449139204097,1
516464106,159223855,1
353786894,28349128,1
516464106,309323460,1
507672047,485761371,1
353786894,171840420,1
516464106,142204481,1
516464106,789491862700748800,1
213969309,22691385,1
394892872,46345843,1
394892872,404012825,1
516464106,280948938,1
516464106,353786894,1
537951506,78030647,1
262230432,397306167,1
394892872,307869534,1
537951506,126246508,1
537951506,226087776,1
262230432,1229481818,1
213969309,376495795,1
213969309,967725888,1
353786894,13382652,1
537951506,1003157563649560577,1
213969309,20674741,1
537951506,125832497,1
516464106,847388928998899712,1
394892872,19230601,1
516464106,2893650790,1
394892872,1114036494,1
353786894,592026978,1
394892872,714124844,1
516464106,231534898,1
353786894,1728150757,1
213969309,1452301830,1
516464106,309366491,1
353786894,985902405329080320,1
213969309,57280159,1
516464106,135476260,1
537951506,3186029572,1
262230432,165060468,1
353786894,1020974738,1
214413743,2789608612,1
516464106,229454266,1
214413743,111428431,1
213969309,20010173,1
214413743,239172505,1
516464106,4767225325,1
394892872,34576430,1
214413743,83839234,1
537951506,18788558,1
537951506,74153895,1
394892872,606533301,1
213969309,131877198,1
214413743,386420143,1
516464106,238327063,1
516464106,726288434,1
213969309,185739738,1
353786894,224201809,1
537951506,950695925521018880,1
213969309,236327646,1
537951506,725241657608814592,1
213969309,266778237,1
394892872,75517951,1
394892872,842396532,1
213969309,380730306,1
213969309,111952068,1
213969309,204074545,1
353786894,3387091960,1
394892872,322593965,1
262230432,31209800,1
213969309,1530789037,1
516464106,607281049,1
213969309,17134268,1
213969309,25110374,1
213969309,93857990,1
537951506,2475985119,1
537951506,20354239,1
394892872,27209943,1
507672047,430554250,1
537951506,4877776109,1
537951506,243794759,1
214413743,213406193,1
516464106,33196556,1
214413743,38358551,1
516464106,21616388,1
213969309,803694179079458816,1
213969309,3246452751,1
507672047,467418826,1
353786894,121650893,1
213969309,72955085,1
537951506,4832732807,1
516464106,865228975,1
213969309,734273393093160960,1
537951506,85613075,1
213969309,193323287,1
507672047,35117415,1
516464106,293950715,1
213969309,29547045,1
394892872,267304766,1
516464106,561025888,1
353786894,402629721,1
353786894,231070026,1
213969309,112477030,1
353786894,1221822260,1
213969309,145499533,1
213969309,34743251,1
394892872,465619457,1
902951244549038081,483695359,1
353786894,316989623,1
214413743,23440052,1
394892872,419811652,1
516464106,1491205363,1
213969309,250911289,1
213969309,27725199,1
537951506,321388777,1
262230432,964344902,1
516464106,94997974,1
353786894,115044590,1
213969309,357606935,1
507672047,333301660,1
214413743,382560919,1
394892872,155659213,1
516464106,1268575366219735042,1
516464106,51008528,1
394892872,483695359,1
537951506,113301403,1
214413743,606770013,1
214413743,93492604,1
353786894,525208028,1
516464106,537951506,1
537951506,204074545,1
394892872,193047282,1
507672047,2567178670,1
516464106,101485496,1
537951506,249186003,1
516464106,413383203,1
353786894,20600235,1
516464106,3101460236,1
516464106,105106802,1
353786894,1174486086,1
353786894,134402553,1
507672047,524350623,1
537951506,4003650669,1
537951506,468551805,1
394892872,40837929,1
213969309,230930518,1
213969309,159604852,1
353786894,235910394,1
262230432,246772342,1
353786894,157055308,1
394892872,716238475,1
516464106,232250142,1
353786894,3104110905,1
213969309,917432530378227712,1
353786894,20517081,1
516464106,568017741,1
537951506,167198672,1
537951506,375721095,1
353786894,70519385,1
394892872,379207068,1
537951506,517484918,1
213969309,27830610,1
213969309,224223563,1
516464106,2253442780,1
394892872,228688074,1
394892872,19916572,1
537951506,998117186,1
537951506,2853456283,1
537951506,41785723,1
213969309,1257799002,1
516464106,15746580,1
516464106,30023595,1
537951506,281635993,1
213969309,184015376,1
214413743,430197021,1
507672047,18939115,1
353786894,1357141159,1
394892872,566356028,1
902951244549038081,462346627,1
