id,label
857867788488146944,MaCrooCRG_
2260491445,CoinMarketCap
1399461413064687618,MashShano
1399456337562673155,Cexio8
1398264098224181250,elessarsmoth
1395326803993112576,MSam795
1373820790060183554,DangScaper
1398433463724691470,eives12
1285954400,sumit94sinha
1356737596022480899,JustinC61158517
1399043916540776448,TopDevPro
987782029977714689,ali59064587
1393758911522512896,Husain251202
1279682450449485825,AbbassiArsalan
1357369168035606528,TheImtiazX
1387328414877581316,DirtyGold_
735011976808632320,Cristian_MR89
1399392938405208069,Kinnera15148170
1395354263606398984,Adi94617474
944574737761669121,ERC2OShitEater
1395666297686462466,FullXpToken
1176761815348457472,SalisKh08662513
1396086776209367041,Crypto_bubb
1392176734829699077,MehmetA92280577
1391434598089887752,Dldsiris
1149992050936430593,Satoshi_Bitmoto
1378015345059897345,gotham994
1398220593871400962,ADogan61249416
1354548321722003458,Lili58315377
1363200086310871040,JnHossein
1319767542597144576,TheWisdomGuy2
1397227323099779072,AlexJeson2
1355539317326811141,ekon_kd
1388111010897276942,XSpaceX21006507
1272195504533725184,Sully_lone
1397661909642584064,Swissy51310311
907487146872782848,TonyLongNB
4438320915,Earthshaking992
1346885922529435650,Mehwish20801057
1359032777463582723,Zohan67404188
1537304178,CGksoy
1389061836327112708,Adiwija91812422
1385435405030354949,sukurmemuji
1196805823177080832,amazonasairdrop
1380626911550828544,blankley_callan
1315228987480780800,Uchenna92556184
1396090994936979458,Khalidmomo10
1386841767060770816,Perfect43784126
1152487441552564224,Reddy98510272
1390712374102052866,europe_safe
1339134631845588993,MuhsinAhamed6
1377985538125307904,ahmatqomari97
1386409269960998912,MikeBamford9
1373544594772725762,KriptoMania4
1365492578041421834,ShinShinShi00
1378076619299024902,AdaJESU86921237
1363046898672672771,AkshatJ22360761
989728663422746629,MDRIPON51059008
1243394801199800320,Venkate74830404
1319242952644886528,AppunPrashanth
1294940451888345088,OTsankov
1392151328730791936,b_hadarah
1331569246816657408,joespark17
1386519362454966272,Foeuno2
1270821576741699584,Danieldeangelo8
2341155661,juare_antonio
1173291241565499392,michalbar86
1335947311168573445,TayyabRahman20
1395399171478376456,abdo85913437
1398516850078666753,kgbF5c0QUPO9rJu
1393807685469020162,AshiegbuPearl
432516250,NARENDERPANCHAL
831872239138136064,techyrj
488689666,usmanghani56
1385528003350843393,Urskrishhsrk
1865053680,GWarrinb
1381896490872803329,RSubramaniyen
1319976957056970754,CherylJoblin
1382920803222577152,Jaiprak44370073
1368048859113418755,Wagiran29788081
1384041086146932736,Denis49035859
1395646326289883137,AbkChio
1360912854845562882,oxe132
1398661422222090241,ABCD_Token
731122020386148352,krishnan256199
1376167342137167873,SharmaSadhin
1387103815267094529,YudhiSiswanto5
921373265830039553,KikatoIsMe
2190959507,DripLikeDrippie
3196981928,surojitmidda0
1364539879892209666,fahim44193053
997041498989314049,emmakaka79
1395799024234545157,JosiahJansen2
1350370714591879168,IiObinna
1188625222435590149,Novica23418482
131769110,GigabyteCoin
1224235248831074304,JhigWjZam48s0ft
1190318978649997312,DanielR99820983
1394935618585698306,wiredutch
2260491445,CoinMarketCap
1379162471534067721,avsar38ft
287552584,AlexanderTheus
2435372956,katerkarlo1ch
1357042940955222016,MoosmannPatrick
1390537859422113793,UnSafeMoon
1394377486688006145,slavinho247
774932456936005632,Caped_Duo
1343434613172162560,JDSFBlockchain
1286252729556508673,skonly0
152693760,negocioderede
1381251124565434370,Pramods18719691
264699298,Bhagawati
1228693541137809409,LukeWal55509271
1022947912412815360,levskivechen99
1380142986361774083,ehsanaslani15
1364152976328155140,MSGillani34
1356737596022480899,JustinC61158517
1396269331491786754,Brisk38450202
1396487713377767426,Steve15115301
1382077031236526081,muhamma25304420
1262809809671401477,SURAJMONI5
1368015299031695361,blackdaocrypto
1398999648304500741,LuisMariaLope15
1132445479,TheSinsCountry
1395666297686462466,FullXpToken
294384572,Hawkturbo
1176761815348457472,SalisKh08662513
1374341093093953538,ELel98684572
1325376142283595776,SophiaSashy
1153928230233096192,LFNirvana
1396724179693674496,jewcoinbsc
1356865248385331201,TyrnisM
1399353001442267148,PumpsLegit
40906483,flokijo
1234486909881200641,PaulColling4
892677343839375360,Wilson11717
1394651975086579716,APP__Token
1169758838737838081,feliciahudsonfx
1378015345059897345,gotham994
1233773838170718209,MarcosRogrioMa5
1398220593871400962,ADogan61249416
1141317427847946240,babet42
796620562068099072,dani62071305
1246450381439238146,miraf123
167708405,mik_bio
1399010188942888960,freddycrt
1363200086310871040,JnHossein
1190135046528593920,NSotej
1387385396451971073,ellieaudley1
1387299190984773641,DeenaSaenko
1399308706353795075,Chris23297609
1394144771539718144,ShahidBasheer66
889003006032609281,mdrafiq085222
1378632005353492481,PradipR26205914
1301844368584630274,SadrulAnam2
1392154336805867525,Assop77
1360621789286596609,Balaji64598972
1391278733286264835,Soorynash2
1355539317326811141,ekon_kd
1387298796619530240,FernandMatiz
1387297790854721542,ling_wizlyy
1396287354449522688,MoktaAkter15
1339540191002779648,ripon_nabi
1300419868638887936,sureshraina225
1397888929286688770,AhanaDy0
1387297429951635456,dayle_sword
1387386566578827264,joanne_backer
1377873866870038528,paponah08396904
1367329926282551300,MdTowkirHasan2
1397188020382674951,standwithelon
1183484252907868162,73karta1903
1395811194422890499,thesmiling_Coin
1385368367834431495,Abdul900200
1396528746874773509,Victoria231984
1399296225711513603,DogeX73181631
1392956866968252419,15Icel
1384571936240513033,Leonard34000
1393477421433724930,Javeed79142718
1319603959229599745,FgAB8PZPrVeK9jo
1397661909642584064,Swissy51310311
1363761167261458433,Mdsarwa42441670
1359041851005755392,KhatunUmmi
1366748982643281920,ArafatAlbi3
1398680218814992386,Anik07855405
1286788718209073152,mdraju19769031
1304259138432704512,IslamRadoanul
928703816559742979,fatualexander
1383122906968850433,Velsamy43191221
1382170409970364417,wint2750
1397120221714935809,Ahashik72
1395892916954927106,Amd31662165
1397454956274208779,Ale070191
1268903392635543554,911versity
1537304178,CGksoy
878502163504386048,m_shams12345678
1359032777463582723,Zohan67404188
942323793355194368,aadbitcoin
1396735269697507331,sunny0084699097
1390673090863058970,Agustina1100
1381152306662543363,HabiburJihad
1398153417860788225,DavidKatona6
1273366250710806531,PlaOdyssey
1382359160797360128,Muhamma29502282
501042222,Andyumaaris
2260491445,CoinMarketCap
1228693541137809409,LukeWal55509271
1285954400,sumit94sinha
999696518650228737,nkeneabasi
1395666297686462466,FullXpToken
1396177411981684736,crypto_vila
888667738008367104,CryptoPriestNC
1271453650318249984,DoinbaEteyslim
1319369787848405003,Moonhodler2
1388225805864603650,cay_ker
1318991452450553857,LewrisSpark
1374341093093953538,ELel98684572
1316476747685167106,EWQized
1316472651339235328,foureleven4111
1392176734829699077,MehmetA92280577
1384253010818179081,Danielle20212
1067512694620729345,Kapasky1
1363200086310871040,JnHossein
1387299397872996352,elz_avdeeva
1387299074936918016,catina_georgiy
1355539317326811141,ekon_kd
1272228375210463238,FullBTCCapacity
1397661909642584064,Swissy51310311
518746751,CRYPTOzzie
1396514732593532932,ThiagoFrance1
593631871,JBodios
2341155661,juare_antonio
1396487713377767426,Steve15115301
1379380260794290183,Jayson27681072
1398516850078666753,kgbF5c0QUPO9rJu
162349643,HustlerPrince
1324338588121665536,anandjo97
880343491557163010,mdshariquehuss7
734681299059806208,7wavesEvent
304861191,zorchalat
1395694494218063875,KM_blinkY
1360019899691790344,TylerAs63145137
1396538279596421120,Rakibul45047789
1224235248831074304,JhigWjZam48s0ft
1398363892934496263,FrancisRandy0
1384276136943710209,ezesanchezcba
843600904813264898,__idorenyin
1397905292919296001,mosestothemoon
1369988670888017928,DenisKarouwe
1385523602213068802,CThai1711
1398642996296392706,RobinTayad
1370459876497981441,hadiyus29512140
1370575731906908161,Xombie_Queen
1398310257374466049,Trustmoon_
1388569974512312321,ArnoldBenedick1
519745365,JakDawC
1398929242012930050,SmartInvestFX
1081313375991353344,CryptoTwitAcct
1361070870496763905,McgruffMr
1366051665212825603,Okay_fin
1346360503870885889,jojoshawa
1398414704091963395,TheRealApeLad
1395552134410784778,nickg1235
1310948251839889408,CRYPTOZER4
1278692200587673601,clownavirus
1398816244791496706,TheRealRedXIV
1398773204676747265,asumanemanetgm1
1397939101337272321,Suave90794832
1392535996034686978,iwasmitqt
1245340101468708869,Donjohn33528178
1395391081609629701,RixtonMahdi
1398965418325331968,RADCARL1
1399094834565160964,MdCripto
1397225454520520704,Mucahitbalkir
1396723756186447876,Cashmon75661482
750863670595444737,grmatt7792
1376022723437150212,elelqqq
1364774638144925696,OutofSightttt
763493806759116801,ZVashtii
1391803960911147015,LinkzOhio
1392569387937316865,Blazty08
218677109,Kwakuga1
1397773025051807745,Jake72891749
1396200319902703621,DavisPratt9
1397646244034629643,muhammadadil335
1397222285258289153,RFJA8
1377398587257147393,KILLLER_WHALE
1389349561500676096,Velizka97950526
381584145,al_tharhaniy
1236198682480898048,HonarSaeid
1394693643810844677,oyvey_finance
1336408054485708802,onur1995_
1431250272,Edikanefanga
1169758838737838081,feliciahudsonfx
3105950148,wolfnight24
1398660113200607232,Cosima56082879
535143868,Gienna94
1399456337562673155,Cexio8
2260491445,CoinMarketCap
1398355094001926156,Kishu02675705
1390688789673152512,kishupersian
1395666297686462466,FullXpToken
178969166,Anndi07
1397661909642584064,Swissy51310311
1399245696839077895,Peshawa82m
1395399171478376456,abdo85913437
1392710695397990407,VivekKu46182751
1397905292919296001,mosestothemoon
1389548165846667267,mousavi_iran
1370575731906908161,Xombie_Queen
1395830428964098053,AminAghazadeh2
1392866950393573376,Pump33953139
1346360503870885889,jojoshawa
1399094834565160964,MdCripto
1391803960911147015,LinkzOhio
1398525036470931456,Cryptoburger8
1344506506675433473,mehdi53273206
1397801022274277379,farshadadman
788713672663109632,billrchd
1398660113200607232,Cosima56082879
1385506660001718274,bluuumis
1392249179825651715,KNyckees
1396435044743270402,NamYongKim6
1374353256885989378,mohsenjahantig2
1282780411345506305,Amirkelishe2
1080069996011761664,MehmetA82685831
1390419173801611264,peacey3434
1386216074316759040,mhkhkh1369
2868613726,q_arasi
1314862875761160195,Alireza78881641
1258814888891342848,Yenikentli4
1380812367081177095,Tina36097177
1383656402929868803,rezamirjavadi11
1216812765689544706,kishu_finance
1388281855930159110,mohsen_kaboy
1387007745166127106,Kanj42892614
581171028,tolgabozyiit
1312027166331285506,mohammadnikna11
150955178,aburami06
1370422182862524416,Cherishbae4Bae
1384963491619016712,Mahnaz63330714
2979906422,niladrim24
1144778632835096578,mbabatokenfan
1387648166946693122,SunilDuttVaish2
1398949640469467136,lilywil64912518
1370073817444417547,HadiAkbari_1
1367477852539670528,hddlwbso
1352280185975005184,Mahdi_kt
3343372995,Richesofficial
4777953901,Bosscoin86
1398942610274668544,Crypto61711656
1384006920697106437,Dani46907445
1250137038277332993,hamedshiri2
2529877116,Vivekpa00918737
1398336239594622976,Mohamma42205760
1380468607965138945,Mehrdad67942099
1397952455715876866,Daniel07221299
1300674507519275008,shs6610
1382968636617457666,brave1167
223226122,banbalistic
1355770092483715073,siavash6238
1342160159523676164,MahdiFM6
1371088609642741764,matinwsh
1398680587875938305,SaflorAndre
976794582351536128,Gee_melody1
1141317427847946240,babet42
1397852134511628289,Fred_Lewis12
1392235389059047424,Charles_Ford3
1345091491702710277,TaghavianEhsan
1399461413064687618,MashShano
2260491445,CoinMarketCap
1386409269960998912,MikeBamford9
1381666779030822914,GNT_token
223711742,Nobleekanem
2435372956,katerkarlo1ch
1394773450720415745,letsgo14792438
1390537859422113793,UnSafeMoon
1357042940955222016,MoosmannPatrick
1394377486688006145,slavinho247
774932456936005632,Caped_Duo
1343434613172162560,JDSFBlockchain
1399456337562673155,Cexio8
1286252729556508673,skonly0
1383472932387647499,Howaythelads3
1366051665212825603,Okay_fin
2677631925,belgatto_m
1380142986361774083,ehsanaslani15
1390328539761754118,alexa1205901
1127490846561931264,fixingtheblock
1215731636802924545,blacksoul15395
1393064229784096771,Veeee4ever
1380272129350856705,Antonio89532379
1398153417860788225,DavidKatona6
1396530388399443976,TFC811
1300087805364908037,Dobrovski18
82315807,Alcatraz627
1118074855956434944,badoets97
1193561586,MuhammedBenof
1399386845478195202,Minhaj82519967
1372891074000216073,Mohamma12672988
2780747676,bezbebrije
1395666297686462466,FullXpToken
1202232520634294272,AdgregFpl
2717561626,allash9191
1307984867922190336,john_palks_mart
1399012090745131009,SVTArda
1399296591450673154,HazratA74267984
1399359258622234624,SagorKu83894665
1381321279765102597,AchZ79580941
1392176734829699077,MehmetA92280577
1399289190018293763,SalSabila7733
1391434598089887752,Dldsiris
1077447240,masroor747
1390688789673152512,kishupersian
1397905292919296001,mosestothemoon
1234032887953022976,Camp12Nathan
1398649254512447492,MoniRoy76920368
1383838887835959298,KaiGener2
1355539317326811141,ekon_kd
1399164233762279424,MagiPiara
1397661909642584064,Swissy51310311
1329922027076120578,BoysKrypto
1399281013868560384,zkqcwhc809
1380605018156371968,ByronCoey
1383452929433079814,DavidD165492451
1399230541900120064,samiaakter2020
1399178684246859776,1010_selim
1398609998071013377,Swapon93305458
1399232262349090817,Ava70226307
1398951287815696389,tpbmcr7863
1398783608358260736,Salma66142061
1399256039606734848,shiba_and
1399248349618860034,Nafi89612809
1398552921084624896,Siam16954850
1395399171478376456,abdo85913437
1264658685634252800,UlfPetersen5
1397227323099779072,AlexJeson2
1375491960677408771,ultra_xtremesta
1398882094412009472,SA62026404
1399229253577707522,Farjana21675146
1243508554570530816,JijeeshGopakum1
1389726489353113604,WarlordHODL
1395312320654430209,LijaAkt05636878
1379471885650497540,exchange_clout
1396538279596421120,Rakibul45047789
1380548300596637698,AllardForster
1398784484741304320,SiamKha87553455
1188625222435590149,Novica23418482
1394695728232996867,AidanKe37315481
1355031337829195784,JustinS74372870
1397598862286606340,MariyaKhanam2
1398324469257494532,AsadKha77074079
748550958368460800,abhi010616
2812396482,CryptoWillWin
1397544557156323335,abu_janis
1021568966257344513,acesgrg
1398585212364374016,ShibaInuHolders
1398650508634517506,MdAlMomen9
1374134784721444865,CapsuleClones
2221426189,dartchain
1368089677731799042,Eva27390
1349931506039451657,todaaamoon
1089882475,kmpkittypaws
1349131791463026688,Kriptonit12
1377597782467432450,stylishApe0ff
1363659218834903040,denes35877791
1336896684220055552,MyInsurancePros
1399456337562673155,Cexio8
2260491445,CoinMarketCap
1384472335047036928,Muhamma66494876
1305133843469402144,leozz90
1392387856950206464,SANJAYR36658793
1170578712258965504,bancorbito
1395399171478376456,abdo85913437
1376719903949008898,Project751
1397905292919296001,mosestothemoon
1511877912,Sergio0de0morte
1398685365750411265,SBekula
1165885919498506240,PaliziPazand
1389860903299043328,Salmank07095352
1377837520864481282,MdAtiku02734571
1392850698996379652,NileshLale3
1389488259571458048,binoysarkar1705
1366842732510146566,Slymnn0442
1291748572363280384,R0BIN_Ho0D
1381928440199147521,Ericalo36882985
1360816096966705159,JamalKi3
201773716,thegoodtraderlt
1391058078443864066,talaiyas247
1283666547249016832,Maheshc38006458
1324696791913287681,vxDCbARkX6806Ob
1367102976247140354,Ivy16397754
1242116339801526273,GokulKuma_r
1351929847262502914,Hasibul86891876
1391348230680715266,Abedi23012580
1386891223902740480,Brajesh68227627
1397820134387900416,A61878134
1374641776401641472,youbushiyigeren
518746751,CRYPTOzzie
1345902394568151040,Safar19641
1237512554601054210,jamadi20169248
1372039706582605824,Qunicy36
1388531083424145409,tiriya_vijay
1288482178637000704,PrinceK20968985
1817551674,Qhieparcok
1390295758096699398,Muhammad59626
1027581121893224449,ysf_Binici
878348777739997185,KerryTommy2
1208409083843399681,tinhson267
1086886149077950464,REKHADUBEY_25
988556697462607872,sadnonem
1379391162574794756,ssjjin2
1491139214,serkanakar1907
1398664998021472261,Mohamma98889427
26806748,tomnationwide
1389314475782656001,HCryptohand
1380548505559793666,Mehmeth09522226
1227663820279046144,pantatkuda99
2150942564,anujbaghel7
1231241066575060993,bajranghanumaan
1376707165407248389,ducnguyenlc86
1396065808648851457,PassiveIncDefi
1398677040740462592,TRON01378462
939861062362456064,Prakash30335668
738719667485855745,yaroslav2508011
1381825541309800449,RkShukl51435533
1398431737068261376,highwin19517865
1380640678728904708,MoonWalkCrypto
1265683003952553984,MianFraz14
1382302666441723907,Trantru54380014
1216372004456026112,nandini909
1387452399531401222,SHASHIK42074389
1397525714409197576,thu55671499
1385544005614714880,Skylark02993794
868005087649640448,EDagencysa
1397892570408177670,CryptoG05752421
903973166820847616,DmytroHerych
778897522903298048,wjdwksl
1349719596585123850,twix36466109
1393461676440051712,sk8220985
1388662250005749764,X8IfzoZRPAxveLC
752575414640443396,SushidateApp
1361166156757798914,THRONE65050641
1364711176530063362,RobinUhl2
224358742,Khaled1OK
1384446531609182209,delbardanesh
1397959709488029699,AguMary7
1348643758233903108,AnilKum02025112
1668239622,ali1757409
1294532865531641857,Bhupesh47387402
3176477716,gupta5006
1377575463627976708,Daniel04710766
443850357,TraderLee_
1382374105069010950,Fonzi_Scheme
460246115,Radio_BTC
1363878373353693184,TronMystery
899995718881902594,ChyiAnChen
823350770762268673,therealdhagen
1389929120071622657,MarvinG26639214
1386930186113880065,amdadul_babu
3091376973,gersonClassic
1355301057115660292,cptomonk
2260491445,CoinMarketCap
977140598795743232,Proversion2
1397506130180407302,Teslainu_TESINU
1346830063518375939,Tom_Trader21
1391566121460027397,Alessan57315695
2434970442,mich_turnbull
1335349669795344384,n_Jamesmart
2497711100,Sunny__3999
980273670072434688,CryptoCaimlle
1333469197658152964,Emre11525363
3420279981,incrediblemusa
1038114238307303424,zazbat1
1393882370487439362,joshua_barlas
1026020741156728833,harmonyislifer
917548095696601090,Karthi84388491
2510932500,EricBacChan
1979677099,virtualcryptos
1376010136494485506,boomshanker5
854193740012937216,eddySkho
1366480886854729728,Coinboi7
1366051665212825603,Okay_fin
1390908728770129927,HaWhatWeb1
1363198271804633103,MaffazO
1393193119231868932,TOMKING19419173
1371051459261964290,Hamed_bafe
1395284148965814274,SporeArmy
1208857869258383361,IsItInYet123
1467747145,luckieverma
707408490604531713,davidchevy_one
1103049038,binksterr_
1056614707329687559,ozgurpehlivann
591122850,neilangelodd
1394929149979017218,ZHPK1
938875711162650624,MintbuilderES
1379519845906083841,BanekJustin
1374870073995759621,Landon91265791
1283265973957599232,HarmonyoneEs
2767790843,Smartpokemonvip
2926188295,olaleke_sherif
439529377,JesseSmoove
944878418038022145,FamousDomonkos
1349366202817073152,miguel76337686
1382971717207744512,cryptic_rick
1367223243325734912,Harmonyeus
1388320046175297539,RamosAddison1
984634995582136321,cryptonoobbabe
1357465553489850368,cahilgopher
264821828,leaninlow
1359323748457873413,shu51750927
2478973628,Anthony_pirreli
1140623305008975874,GKP80400223
899265676912852992,binatoyin
1133423419637346304,WhiteWh69072033
1347997296429051905,HectorVartz
1322273845781405697,CedricRey6
1359710583189291008,cryptoglad
1077203401988104192,Crypto92672216
1285563437683290122,voriakhodaie
3044764359,Faithdelivers1
1676951844,bernabedus
1336592990245171202,AndrewRandston
1373417027961040897,HarmonyOne_ESP
1393591598550851591,KimJongMoon_FR
1393005107826941955,Danielp05690333
923355633901957120,doranatherton
1353395595097026562,cryptoMFhorse
1238220670485618690,lacrossemsu17
367466339,L_carrera
769448131280928768,kevinbaroro
1300522928560373768,TonyL61293
1386000055811805188,CookeMckenzie1
1385997334685704194,AdelaideEngland
1388212467931754496,MMemepump
2275759572,mathewtimmy
926010464198213633,Ravikan63158637
1351782894067462144,sceconomy
1269398636938608647,justicejaimal
1390004858787405825,ArmyStarwars
966374252168536064,SekienToriyama
1389964825355112448,zl8989
1391715667640938497,h3NQG6avb6xfcZq
743512945167044608,DemauxYT
1321912332201742337,MJDavisson
347570441,blogs_memes
3663675852,MJ_Cule
1165669183230750721,sophia_james4
1392235629262553088,Richard_Newman1
1392235389059047424,Charles_Ford3
1382953299565895682,DyerCataleya
1391472755866996744,Tabish9911
1377221322573500416,CoinWhisperer4
2341155661,juare_antonio
2260491445,CoinMarketCap
1322284097427877897,alexandre_lores
1190923907978661888,Mohamme11249194
1387298796619530240,FernandMatiz
1387299074936918016,catina_georgiy
1393954532200046598,SathyaN66098303
1396317582689411074,DipakLamaTaman2
2288043516,Striker_Seven
1397164385764880388,Garf_Thanos
1376010136494485506,boomshanker5
1366051665212825603,Okay_fin
2275759572,mathewtimmy
31175227,cosminej
1379768514425155584,DefiMass
1386007017504968716,LongLiv9
766271113,andrwdalton
1396786486268153863,KaziAbidAlAsad3
1380529898612125700,KeyesZabana
1380815906297634817,FarleyKellan
1386508468169822209,Johnson_Riley2
1388336893792825351,CryptoBanks2
1395749959152979971,thienba19647801
1264594485268361218,tonysmi99
108871464,Talenteduser
1085631813098356739,be_butchi
1398973413998305286,AkilKha68857111
2260491445,CoinMarketCap
939861062362456064,Prakash30335668
1396488202530156546,MdAfazUddinLit1
1390295758096699398,Muhammad59626
13988212,steve_7an
1397506130180407302,Teslainu_TESINU
1378711983579668483,CrysociaL
796252873860452353,zickorep
1378405619917545485,bittorentmark
1371847329574174720,MdShohe63118243
1389640270405275649,SAIF17117
1335349669795344384,n_Jamesmart
1379908892801523712,GentlemanKuzey
311876879,setiyoko_adhi
1358786300439113729,_moghaddam_
1371051459261964290,Hamed_bafe
1366094769148092432,AsrYangin
1396184555476770816,Joseph99693480
1379629560824623105,DogeMDoge
1379317191158362112,yVxzQjrWZyV9lrP
1314862875761160195,Alireza78881641
1269398636938608647,justicejaimal
1393856021198741504,Enea82670385
1396349954063486977,Game_Centerone
1381897952315256833,DavidALMartins
1396875002029371393,Cryptacular2
1316933761427148801,NormanOzborne
1285563437683290122,voriakhodaie
1384182364100694017,MolinaJake1
1378308078525837316,FKamdyn
68652138,coineengineer
1286187746768216064,Nofriyandi01
1263472960591015941,vaishawikr
1386508468169822209,Johnson_Riley2
1388336893792825351,CryptoBanks2
1377472010620571650,MaldonadoEvely5
2685196520,Primelle_Inc
193623138,mangerlan
1376010136494485506,boomshanker5
1385846892467310592,TaraMadonald
1377161969531117568,NavarroCecelia1
1328403884226867201,T100009840385
938551407036305414,martinjamesmail
1391920465287933952,CInv63
1362705506410856448,misi4451
843324007,imrevanthp
3367334171,BTCTN
1399170154785693696,antifudpatrol
1390673090863058970,Agustina1100
1389281833460944897,Kiki46593757
1391440999130570757,dontdoubtdoge
1399290200602275846,MdMomin47600410
978560824326332416,hsolakibrahim
1351144270829391880,KEDAR7776BTC
1360111192719564801,Deerek99
100044829,arun310
1255597263591804929,smailolu9
3033687850,Debman15
1391770431338713088,AltunKabir
1397849844354519041,Andrew_Harris0
1397851932325289985,Ben_Evans31
1397852134511628289,Fred_Lewis12
1392235629262553088,Richard_Newman1
1333788206,EkicilerinAnil
1394688765399011331,SunnySh21526120
1395695165222883339,BerthaEngel2
1376166341569355782,Trent9950
1300656074027016197,thakurr_amit
1364152976328155140,MSGillani34
1398440032264937474,Christo_robe
3310785812,thelastwalker
1168242912263626754,Horpeyemy_g
939713257979482112,underwood971001
1395811194422890499,thesmiling_Coin
1398248881377398784,AzharDi38374236
507083169,DogecoinRemark
1397188020382674951,standwithelon
1399399687707299845,JohnKabel2
894748608112738304,DheerendraKsana
1399123000289632259,Elizabe40820917
1362438111532363777,aminkorkizade
1343082024,wondatrades1
1399347853382799362,CarlosBraca5
1300511400100532227,ShibaTokenSwap
1374842804988432387,vins35241293
1013120878262063105,cryptoindia6
1364566066773557249,johnson94_s
1397963617614458880,Binance_4_U
1396877760405000195,MrJeff63200740
1354029635307266049,Revolvercrypto
230723752,Shiba1NYC
1388389421117026305,BrulsAlfred
1395684455411453954,CallmeBboby
1287277142678667265,Philiphill473
1397814091243130881,Cuthber01549842
1187592360215089152,Jacobsongreg93
1215404799673405440,bolonney
1337369573612515329,jhone100000000
1374373666062966793,Brocsa2
1393885605709287424,BSZBets
1283736645100085249,mark_bart69
1052253331291340800,cryptyworld
1011996866962223104,Klavunat
1378962530282962945,investmentceoo
1363028016381706240,baebae425
3367334171,BTCTN
1398411531633758208,Maria35924386
1397962303480414210,rambo07897946
1386102347412221953,CPTHOLD1
1121195522830868480,andy_leofx
1693881114,haroldMu17
64674438,Dayve__
1362037617102102528,De_sure_
1234516053704740864,cameronwink2
1169758838737838081,feliciahudsonfx
2328526588,stellafxtrade
1397105928743178247,fc_bordeaux
781980948271357952,kdyptr69
1387297790854721542,ling_wizlyy
1387299190984773641,DeenaSaenko
1360421892260249600,DanhNgtweeter
1381965251667664897,leakleakleak6
1255015301680226304,Almas28767909
1397784983985483776,PK_SRMT
1390631578573832192,leidingdun
1333535608233467905,ProfTony3d
3001061158,EbuJacob
2441322304,nekhleshsingh
1368239151527649280,saba16383376
1374925398283186176,AnjeetKunwar
1395999464691683330,ChartEarly
1394053799241650178,hee_katie
1311717591270875136,AbhinavKeshar17
192306407,AdrianTiger
1383656552473653250,Sushils61902497
1394766046968623108,Goldtender_io
1287277142678667265,Philiphill473
1364152976328155140,MSGillani34
2374873051,vijay9766
245623256,liamevel
1181935540246966274,crayptotech
1388757605003128833,Shenjxin
1343294679467495424,Atoms_to_Bits
1394523850122178560,HamzaKi15497015
1398402037767938052,tallestbabe32
1390711562500034564,AnnFeldmann2
96865989,robwadeson
1397963617614458880,Binance_4_U
1395811194422890499,thesmiling_Coin
1335184327559229440,BitcoinamericaO
1165669183230750721,sophia_james4
1377862431368572934,HowellKaitlyn1
1320622992116846593,join_us_brother
1391283317304004613,shitoshitrader
795069122,trade_ethereum
518746751,CRYPTOzzie
1289128504940990464,youny_bigboy
1323571272404684801,BillardJersey
1397566885621768193,Divid47082574
1360214353685938181,trexia69
1391176407313575938,ursula13346483
1384320470280024067,MysticalRose93
1351350817102520322,CryptoAlchemy1
1346999431191814147,Cansu25102295
1398845751048945664,Hickman59991694
1238607113234141184,KatlogF
1260782062094757890,TheBeastDogeInu
1310309042032578560,JuanGutiCA714
851036953726390273,Sardarkhan887
80007018,Mccoy597
1321079010139480065,Elsie37589
1382828885583171585,jeff43499755
1357941806952976385,0nH5ekJsTGwTuyi
2945004838,NsaiahHarriet
1378962530282962945,investmentceoo
1398424077442879489,MugallyAnas
1287277142678667265,Philiphill473
3367334171,BTCTN
1396850435974176771,raferacrypto
1382086786533322755,Matt75141667
282735509,arturckm
2848364473,ChrisJ5001
884103179448745984,braindrainomar
1396821994159710208,CaioMacedo_BR
1399285393237938176,NonCentralised
1397717362565070848,mybro_thewizard
385109675,Lamthalas
1386444479373234178,Krzyszt81458726
1390626232727785473,BitBurgler
2972724281,DaNeoma5
783868218288898048,Brijio
1382319059857854467,trackmann77
1206407688307040256,ThirtySixNorth
1334368938201931776,chrisV_2030
1372048358034960384,ZacharyTay9
1389222647863685129,ZRitalin
1285543630212481024,hsuanpubg
1398683403243950088,Maxwell45542092
1210443984717238277,Gecko98844901
1380973509862699011,JamesNo07873891
1266866215873634304,KahloCopan
3310785812,thelastwalker
251591029,Krazyjoe66
1398411531633758208,Maria35924386
1358416584390287360,stevedma2004
3001061158,EbuJacob
1397962303480414210,rambo07897946
1103040545247686656,Outcast82957234
1144778632835096578,mbabatokenfan
56486753,emmanuelt17
2275759572,mathewtimmy
1375190371286855687,RenoArt78
1357129347535040514,ArghyaC38707727
25935223,DelanayMason
1345747539799257089,dodan_mihai
1396484026567995395,Peter21945805
1230005574877581313,RamakantMule
4546953856,palo_micheal
1165669183230750721,sophia_james4
1062491225528385536,jcrosas2020
1396881839244070919,MahdiMR1988
381584145,al_tharhaniy
1397937170376060933,IndicatorMagic
2359407282,BobardandCo
1218894355538333696,BitcoinzArmy
1394202746727936000,SamuelMaskell5
1323571272404684801,BillardJersey
1367374542855888898,Razemiri74
1397640620492181510,ConcreteSakura
1169758838737838081,feliciahudsonfx
1390569208585412610,NeerajK82827242
923349633367265280,CimmJordan
1061970343286444032,JohnWallstrom
1180103006928420864,criptotest
1398667394931826691,tatsu190422
2414157552,Spiros_IM
554408453,Petrosxristou
1397188020382674951,standwithelon
1085332959144697858,VivianM1854
1135217302381744129,bnymncnplt
1356972097965334529,Mboon91360656
754613907059269632,Erik_Wertheim
1266983350272589824,realadamnamiri
257839200,dashwood89
725741648043466753,omer_mkayhan
1302378536418840577,CryptoRecheal
1397169195914338304,SCryptonick
369529482,elrobosigue
1354253125117468680,WW_Fund
1394557120268414978,IrfanHa00183876
1392098366952198146,cryptonamese
545287968,carrisamarie0
1385837694903853063,AndrewC64609819
782366534505078784,lvictorfaulkner
2328526588,stellafxtrade
1146756379312578561,AzanyahM
226600649,mrbitcoincash
1389995343136235524,SPINCRYPTO1
1393885605709287424,BSZBets
1398598194284482562,CryptoCrowBTC
1011941971307450369,emmasonchigbogu
518746751,CRYPTOzzie
1254332683712372736,AnifowoseAyoba2
1369705933891321864,Beyaz_PeyNirr
1369349573844602896,breck_jan
751663988,AhTow_Tony
3367334171,BTCTN
1362602791101861888,eric42629372
107220921,reynaldo5000
564020814,FreedomMaxima
1357296893651341312,_Only21Million
1396484026567995395,Peter21945805
3310785812,thelastwalker
1341782648071569411,CaribbeanHodl
397053857,Heeeers_Johnny
1122185750756257792,caochuong3
1364152976328155140,MSGillani34
1390196244899897346,dee_sids
1395811194422890499,thesmiling_Coin
1165669183230750721,sophia_james4
874907548658356225,apantoja079
1398411531633758208,Maria35924386
1396650560166760450,KurtWag99630900
1384046862177423365,PopeFelix3
1279933254385070080,Sorted72714827
810459172516950016,iKonomy_U
1379614396855382017,AbeytuCass
1350448152831172609,BradSte16282579
1073731988564123648,BitcoinGedanken
1397963617614458880,Binance_4_U
1393885605709287424,BSZBets
2748184609,DarnakhRafik
1340249587379036160,thebuildinn
2914325344,Paytenvxc
53954402,iaiopt
1350307639624822786,Hans70353431
1383767118584242181,CarthaginemE
201577906,tradermkx
1378962530282962945,investmentceoo
1287931611892158465,Zelulose1
1370901570058080259,bits_infinity
470546091,reaposhi
1397716307844476931,SirJohnnyofDirt
1360039301765992448,LalaineChiong4
1052253331291340800,cryptyworld
1355017771055104005,HODLSTREET
1389365386697609216,Francis64166023
2392769390,Reedster731
1916051900,sophie_jqmes
1365386567355822080,_anto3000
1132578856806653952,catorce_mikey
1360992994111885314,2021iaminlove
1339426736665219072,jimmybitty
257732871,whydidugothere
1130158936907239424,sniperpodcast
950741566934560769,Aanndyyyy
1389479224373915648,Sanatam_
1340929056565542912,Will3GRA
1287277142678667265,Philiphill473
25942581,Eurynomestolas
1233954380270985218,MitchTypoCr
1334368938201931776,chrisV_2030
1395591553876258818,SuperRichanddu1
1389551534053236737,UmutAlperCeyla1
1373539359798947841,YitfoongL
804921461160849408,Sean_Shinil_Kim
4831347854,MADSENSORY
3367334171,BTCTN
1370901570058080259,bits_infinity
1126590182,fabiocrimiosteo
2777316169,thesas29
1287277142678667265,Philiphill473
1371914014045974532,Issh83289889
1398910256378527745,Majid32754004
1364152976328155140,MSGillani34
847857097689759746,CryptoAmigo
3075605495,DaherUriel
1397832487540342785,Ahsdrx
1356972097965334529,Mboon91360656
1395346471369678848,RIPCryptoToken
1385471081033707520,Cash_Thapa
1390711562500034564,AnnFeldmann2
1395811194422890499,thesmiling_Coin
1165669183230750721,sophia_james4
1336131378648322048,realbullishcow1
1397399766791688193,RaviRan07305236
1168172438909120513,WallViet
999292382406463488,electralindadgb
29813719,bryanhughes813
1322805889,TedyMoon1
1398411531633758208,Maria35924386
1360214353685938181,trexia69
1322932223020920837,Jhon675648301
436314136,cryptoinvest07
1388595641069178883,HummusBad
3378507389,jane180_lopez
1346900597635690500,moist_wethole
1397963617614458880,Binance_4_U
1300450168370651136,TARUNKU91705118
1396650560166760450,KurtWag99630900
1393885605709287424,BSZBets
257839200,dashwood89
1101643358244605953,McGrath1195
1227670558218838017,tothe_n
1334327439313559552,Caishen66165025
1396692608869715971,AlexPet26074956
1398639464008732676,Kevin47156082
1327075605699907584,MandarinCrypto
1146756379312578561,AzanyahM
1385126791153520641,Ayati59017831
1289128504940990464,youny_bigboy
397053857,Heeeers_Johnny
1369292480806608903,P3nguin10730293
1377178602127511559,Darishfaq31
193990081,Mark__Alien
874141040852303875,Yuvraaj_singh_
743961500830797829,DEAD_BORN_STAR
1279933254385070080,Sorted72714827
1398020806404419587,cheetah_bsc
238106164,colmtwhelan
75831293,ptrmurphy63
1351541791,BasitPathan
1391091893476282370,BuyitHighsellLo
64452771,aamin30
1115767607490039808,sangkala57
27193439,lloydmorris1970
1235057079913766915,Satoshi26885995
2747314127,leeprado6
1395584230105747460,HodlersThe
1357941806952976385,0nH5ekJsTGwTuyi
1378962530282962945,investmentceoo
1358485720449638404,bible_xrp
1236280757481549824,Hiram67783843
1398411531633758208,Maria35924386
3367334171,BTCTN
1292815969132240896,DannyLe83611718
1360446457099280386,yadiyahdoge
263869083,dmo09876
1287277142678667265,Philiphill473
1364152976328155140,MSGillani34
1390196244899897346,dee_sids
1390711562500034564,AnnFeldmann2
1395811194422890499,thesmiling_Coin
1165669183230750721,sophia_james4
2275759572,mathewtimmy
2620724768,Ahrrggghh
29813719,bryanhughes813
943692855528312833,RufusYoakam
1396650560166760450,KurtWag99630900
1375139722780155905,XRPGAWD
459805846,JWILKERSONATC
1172926642269736960,GueSyera
973558634096467973,Yazoo9163
1370901570058080259,bits_infinity
1397963617614458880,Binance_4_U
698613804565803008,StakeHEX5555
2914325344,Paytenvxc
1395816499097612295,pascalink1
1335184327559229440,BitcoinamericaO
1381593295739092993,SonnySonnyT
3367334171,BTCTN
357603259,BellEyedoc
1269093317272354819,YouthFlowering
1381597212610805766,EvaLovesGreen
1323723715549536262,Inglori84115496
1363993213363699721,elonHCMCmusk
40436063,Chris__Jay
3013169839,MP3LASVEGAS
1363022443703599105,goldpath3
3367334171,BTCTN
1367369006659874816,Gracie11425816
3639686722,hlengane330
2341856974,stumaeza007
1366759953558552580,SightInplain
1378418008033492998,Florah47945470
1134794933502644224,Ivy_Lims
1232794885230616576,Sabelo21574680
1387069657908142088,KaMzulwini
873946331286564868,Atulroys
1396088203455733764,AsharamBhabhor
3156707996,Xhallyxo
1382751033919737862,MatthMills
1359058962432286721,NatureI52615379
1387431874381983749,PuseletsoM16
239721071,brixmen_daf
1372365797155348481,GoodBoyDoggo_
864611330,BCWISPERS
1390152326728519680,Khophoza1
1237744995261702145,OlawuyiSunday12
1358125989893730307,DanielSamgwa
445459133,MikeOzavesh
1242288092100218880,OskoWill
1169758838737838081,feliciahudsonfx
321515881,47th__Ronin
1396464743821553665,Mr_Sure1
1395191749602054150,Elijah61464006
164594991,overseermg
1396650560166760450,KurtWag99630900
466649831,JClassicMaestro
2389058232,fosilcans
597670086,cryptobhidu
3367334171,BTCTN
1384571936240513033,Leonard34000
1346597595943227392,wonderwomanfor
1372215002489266187,ZabatEdsel
1382629779770200065,Helen36066019
1377159051260293120,CohenTrinity1
1242288092100218880,OskoWill
1052253331291340800,cryptyworld
1370488489867935745,Midhun1978
1345353977462808576,Sheilahitty
3110905992,TimothyTcoombes
518746751,CRYPTOzzie
1395584230105747460,HodlersThe
4916154335,chibullsnationl
14476138,Sobieck
701918563351838720,Doctor_Seraphim
606422206,CliveJFox
1237828412523372546,blog_yang
1310951593785929729,mira_hurley
246560945,ayanaeliza
1388514386633838594,wont_like_you
996511970806452224,S4R41_K44R
1687026752,Siinrajiaal
169282355,burnerrich
371473706,David_theLawyer
248077379,YoshidaG
940770605187698689,JYKim124
1014682982035140609,JoWeB4
53216025,JointFitnessATL
1341748308411355136,AmunYoung
4069930360,positively1972
981666729129635842,ArtemQuetzal
238091558,OSilva88
23536486,Commie4Nature
1198358652450672641,FromTheShadow16
22848557,LikeaRoss29
1103799771167375360,GrgNash
15654827,Artists4Yang
357855682,FloodTheMnstrm
302558109,dogeth0
55709479,5Smitty6
31708989,soadkenjos
30416624,DRWMCHL
232610482,odanovich
26290452,simply_yanggang
1146921753907728384,UCUC88
1145228225716449280,LastOfTheAnalog
19664800,RichardHasse
1252650193075359745,Alex52033756
1121132954,NewMutator
1205895559493701632,RomanYork12
744430737667956736,AYGREYSON
3007477226,Soulraque
1406841282,lsthart
1939191145,KenH888
494602368,bulokisms
470808288,ClickThatFollow
1105311865075318784,VBallTuan
3306800733,RBIlios
1238638018073956352,Betsy_DeFaux
48334350,Tortugaman_
84676264,infinitebritt
426243100,TheMattTyler
1163486109965438978,yang4prez1
1177651674564976640,ElCapitan2020
1394848231545311234,CraigSPowers3
870257852912476161,DaneBrooks8
1149413585866674177,RNewmanND
829943822431903746,AGutiGarcia
1368793313881579521,sumshing_wong88
8111392,zenstyle
792936368099905536,XVX151
635010196,AnnforYang
51963642,johnywith1n
1118931465457348609,KilladazeMusic
159229238,NelNieves
1354618327201673219,vchi_lee
1232138458602164224,SmallPotatoes8
1145833823977951232,KiyomiMcfarlane
129158322,kenkoko2000
1182355197454143488,Rob55436237
1174700210456596482,ArloPaulson
62986634,tearoeprice
1178181143474114561,JR87479099
1361072942604554241,clark_edmundv
4914221113,0Mukr0
483135846,SkittlesMcClure
1151412935752687616,ZarMarquez
1163037575029780480,NerfMuffin
1143416954620792832,LSioxson
1215508031661838336,HomophonesP
1164013468854431744,YangVets
1210805522686853120,chocolatequezo
247281826,roberto_camp
1159818262877745153,Yaya05101
1012671926219759616,GHarvey808
1348175953311121409,asdeora
1325614024424185857,Dusty_Knight_
1215532802,AdeBadejo7
1343294302361944065,CryptoIndica
1397746894768590857,Gamer27578080
2097571,cnni
1000084679133880320,Graphenes1
1916257393,mac779
1113908662735638528,ElGatoIsACat
34329262,Patriots2005
3815573061,doublemuhammad
1398014064824143873,dogecoinelon2
430421961,SusanLiTV
3315455588,OBX_Angler
102822847,argeniszurita
1337559766038540290,Asahi_dry1990
1305184707601141760,The_Sc1ence
3987684202,TexasCoaster89
1359146228387299331,mrwealthy12
1393228989796335622,resiakfi
1389020949454880769,AmbrosioCrypto
1239553938313142272,Amisam789744023
30699048,BillyM2k
1384003764604997641,Shard79920395
1383283584954376196,zocoins
1362638684911267841,ALTCOIN_Z
1393670861752872963,MightyDogeBSC
1397488359719804929,FrankMcGriff3
1392320310293106695,kl_leow
865145382598172672,Uwais_Irfan
1062491225528385536,jcrosas2020
1470323264,Xod42
1372228952501096453,JimBorowski6
82796858,MetalJunkie94
820756817710116865,KellumOfficial
1382828885583171585,jeff43499755
243295810,xoJohnD
1382695767022911492,DogeBreakingNws
1398487952829915138,HarsheitDoodeth
302634806,LinwoodBolles
4774371583,KrisChesshir
1230679798340452352,LeonardLindstr3
1390374628154019842,CryptoRise999
1383198514243584001,AlexLon74173321
757902994717442049,JesBCX
2529853544,Bonnie__Bleu
1240828319441907713,calic415
69107698,DennisRomback
1374152735260606467,ironyistasty
1008842043181993989,ibKennyL10
1273996724936286209,eraile
1395378791757852677,papi_kulow
1383402467845492738,Jonatha77349275
2401187816,vishal_rnzn
1139151727700205569,69dogecoin
1849939800,stormchaser52
531093223,BLOODz_187
1387884588362575877,Paulodi76229534
1357803932182003712,DavidCr89140633
1361095981983436800,ZmanSBCA
1393116370808676355,krish18604978
1389591367333072897,Only4Wealth
272063867,BrandonLamrouex
1398325027636973568,CryptosJourney
1387263539643965442,Alifshish
963157234615173125,potstalking
1391239305037762565,RenGraff
211424075,JadAl_87
2247081108,shaivalbabbar
1392297772674551813,HindoyanJohn
1369413597349240832,stra01001
1035907754005651456,AbhiCryptoMedia
1355350692303659012,ShawnMosbrucker
1098020055286083585,POPTARTdmd
633975409,rocxoo
2915819162,Prakhar05773685
1363279121103609857,DOGECOINDADDY1
901611836524638209,Jorg3Lop3z3
73840189,mypenplease
1392666653314494467,NotationQuo
2286029743,KeepPoundinGang
1351665382080335872,RebornDionysus
1384594678788526082,MohsenZarei1365
936653147157729280,gordongekko369
1376697770191552514,TerryWrist7
1366204139496161280,Jeffrey20275638
128920558,ThatWasPerfect
1237753732722556929,logan_cheatham_
1294305628605812736,RobTheRealist45
796237377584775168,rogerit678
377689358,PMDiChristina
1057622011395084289,DividendsGalt
1967431100,_michaeldsmith
1363200545993932802,diarpie
1327530960963792896,DogeRick_
1305314347569344512,Deshawn68882369
1356849045147279376,BadonkaDoge
1261715179844374533,FStock8
947406661483864064,Gordhan_Khinchi
1333302036247416832,MeditativeF
1355655307687567362,PumpIt52503027
1298753033761951745,k7tape666
1333467482,CoinDesk
299451170,raoultesla
1379651333742071810,ZXRP9
1395322704925020161,Stefankock99
1393645692904632320,CryptoCowboy76
1261794984757428224,cokyabanciyim
1377004255941382145,feax31
1381479848888127489,Mohamma63105017
1371051459261964290,Hamed_bafe
4152052889,gibby1gibbo
274156528,innovate_fin
1294828141362511877,HoaxSlayer5
1357675235395448832,Vincent68850431
1394303641994076163,Ranger48431673
3111467447,schmiddytx
32723641,rntesports
944574737761669121,ERC2OShitEater
68652138,coineengineer
97477310,NiNJah__
834099909859037185,dharmaofhawaii
1191594871565377536,RskMoon
886325755281629185,kimnichols08
1164679364,kolzahn
1395478313938956288,sayloronbitcoin
1080891890,benavides_marta
291173110,Debt_Supercycle
915065671201026048,Iamwhatyousea
811483008972754948,Dreadpirate7
1182225147228540928,street_bandito
1118006348099223553,engenhariatsp
1597158386,intrepidrazor
1396544355230535684,BankSaxena
1375382624,garya816
1591563392,K1oaky
1280086702879637505,sokhtanbekheir
1285563189065900034,AdeleTruthSkr
1146386809099816960,100millionSat
1055812701858025473,ChrisWhodl
100893220,ECOLOGIALIZATE
4827889958,BubbleInvestor
86477497,anil_bihari
1320576246867132416,UltraVision100m
21178292,Nufsed007
1185658726407168005,SASDASD50545952
1302096706838773760,PinkFloydsBTC
877202548507017216,lazier1000
1392057370214346752,Elvin841
323253155,KalKianKrish
954058769255878656,TheTr8er
1066837911562305536,Beyond_The_Bull
1385203665980596225,Mandy93847290
1384165315538419717,Savo16207238
1375289151264759820,Talayproperty1
723560859549704192,Tr_Tina_ap
1381598527789395971,schoolofwock
139117741,GeovannyJG
401229993,100PercentJim
312162513,vizzumchain
3133927479,Emmijonez
1395781118453035016,MSlayborhood
2819049534,gfhayden
1136776548013334529,DefiMoon
2658718933,SatNumber
1391261142819934209,JasLoud
1261692570519945217,aquagoat_farsi
361289499,BitcoinMagazine
1048727911241592833,UFO_ET_craftsDj
834748994110763008,Anubhavkhare7
1345133209009475587,Wojciec26827567
929245211456307201,boyfrombow
423122767,afiqazni
2436159565,XiaoYeowYeow
185186241,ordo_liberal
406876563,Ara_aha191
1383872075115294730,ChillingNandu
1341083676294041601,moon2marss
986290399143694336,John21231447
66137416,bong_gonggong
371720101,atwin
940078052301611008,evanp901
1395384493519802370,jimmulator
72455830,TBoyle1026
997143602064252929,Rai95615141
1386318868944195585,LittleFellow001
924761305382187009,Nottenham
2442767023,L_Michele_Scott
454623912,Big_Brother_Au
16141593,SeanBTCx
95594952,amj_dallas
1201363714471006209,Maynards73
879450694431817728,Nodes4Life
1456433029,JanWues
1391420011634364418,annabelle_trade
957468053251477504,matikwin
2500805054,coinjunky
1391920465287933952,CInv63
1396650560166760450,KurtWag99630900
1295121056349421568,texashunter134
1349383683027955714,Us2021A
807560255735496704,whyamihere1922
1267156818318561280,1st_frontier
1396839214466150403,CRYPTOS25300391
1038684405051600897,FINWU_FIN_INV
1203831547436191744,HODLMeBad
466104222,TimAdamsTim
1396963083847835650,58kSatCouncil
180210885,tonyasheets2013
40206129,solodox
1291039189631406081,congeepool
2575192548,xluiscm
613214169,HassanAesthetic
1389210166839676930,flurris5
1150729747070164993,Steffen27837816
1240364277401190400,yezyurun
3160422632,BitNoticQ
1389913698471395328,Angelin76348380
1250338837554855939,Herbert_Ink
427406598,commyvi2000
1384841879880089600,motomushi
1395766164349980675,Noth67525080
1085710126458167296,anilkaushik93
413648359,willhenson1115
3252827756,salmansheikh09
1306194362553053184,chiefbtc
992480993834688514,Ben_solfin
2742636622,aTikTokLover
1390709593190322183,0urobro
1229311771187412992,christo89012
1265493978130120704,ArtYyuuuuu
243169489,H9TEX
851610934908944385,Politic98472326
1397169195914338304,SCryptonick
903337097100226560,rcnitropower
864058194322239488,eiiviin
976804883067232256,CryptoMakers
1389591211015647236,RizwanPakistann
724871033828872193,Wallstreet46
3065911017,CryptoHashRate
978959198,LeonDavid1407
1372959815358615561,volkanhayrie
436314136,cryptoinvest07
44847919,danny_cryptofay
974775088464658433,AlexMercer_pr
1316765945008984064,officialadenjoy
1357448700084301824,bauer_ger
2455774399,Espicious1
1135499647,itz_curage
1267593131324825601,Stormyy45688590
1249667834524897281,investor_4_life
1147857773671145472,D40five
106659329,fxwxb
1389957912051683330,ArduousAtaraxis
1331570579380506624,Stella10558
282096731,culkin22
1251304444416765952,TheMinerNetwork
1652541,Reuters
3817519636,LozJunglist
222139729,larryumolo
1225726231028609025,palamux
416454361,xenzor1
1392635812974583808,a1111ac011d0
189252638,Dayreamer
1362183271426125824,elephants_what
1376214683510734853,AlanaNienow
1386318868944195585,LittleFellow001
1344968005311148033,mercyJennifer12
1301529831490727943,Macdog43032188
1385104882496163840,DavisRa78260873
2847326883,SaSam50
1392158300242911232,Sirin57459855
807095,nytimes
164594991,overseermg
1393912296867516416,ElTuco35138119
1379835566024458242,rr_ank
2695584032,WittGall
