Source,Target,timeset,weight
857867788488146944,2260491445,2021-05-31T21:32:24.000Z,1.0
1399461413064687618,2260491445,2021-05-31T21:25:32.000Z,1.0
1399456337562673155,2260491445,2021-05-31T20:27:28.000Z,1.0
1398264098224181250,2260491445,2021-05-31T20:25:56.000Z,1.0
1395326803993112576,2260491445,2021-05-31T19:49:55.000Z,1.0
1373820790060183554,1398433463724691470,2021-05-31T19:47:22.000Z,1.0
1285954400,2260491445,2021-05-31T18:24:06.000Z,1.0
1356737596022480899,2260491445,2021-05-31T18:20:08.000Z,1.0
1399043916540776448,2260491445,2021-05-31T18:19:48.000Z,1.0
987782029977714689,2260491445,2021-05-31T18:15:25.000Z,1.0
1393758911522512896,2260491445,2021-05-31T18:15:16.000Z,1.0
1279682450449485825,1357369168035606528,2021-05-31T18:03:43.000Z,1.0
1387328414877581316,2260491445,2021-05-31T16:35:22.000Z,1.0
735011976808632320,2260491445,2021-05-31T16:25:06.000Z,1.0
1399392938405208069,2260491445,2021-05-31T16:19:32.000Z,1.0
1395354263606398984,1395354263606398984,2021-05-31T15:19:18.000Z,1.0
944574737761669121,2260491445,2021-05-31T15:15:53.000Z,1.0
1395666297686462466,2260491445,2021-05-31T14:53:31.000Z,1.0
1176761815348457472,2260491445,2021-05-31T14:46:16.000Z,1.0
1396086776209367041,2260491445,2021-05-31T13:39:24.000Z,1.0
1392176734829699077,2260491445,2021-05-31T12:57:05.000Z,1.0
1391434598089887752,2260491445,2021-05-31T12:27:34.000Z,1.0
1149992050936430593,2260491445,2021-05-31T11:48:40.000Z,1.0
1378015345059897345,2260491445,2021-05-31T11:43:48.000Z,1.0
1398220593871400962,2260491445,2021-05-31T11:42:00.000Z,1.0
1354548321722003458,2260491445,2021-05-31T11:25:36.000Z,1.0
1363200086310871040,2260491445,2021-05-31T10:41:40.000Z,1.0
1319767542597144576,1357369168035606528,2021-05-31T10:38:12.000Z,1.0
1397227323099779072,2260491445,2021-05-31T10:36:12.000Z,1.0
1355539317326811141,2260491445,2021-05-31T10:02:52.000Z,1.0
1388111010897276942,2260491445,2021-05-31T09:58:01.000Z,1.0
1272195504533725184,2260491445,2021-05-31T09:43:59.000Z,1.0
1397661909642584064,2260491445,2021-05-31T09:26:05.000Z,1.0
907487146872782848,907487146872782848,2021-05-31T09:24:14.000Z,1.0
907487146872782848,2260491445,2021-05-31T09:23:43.000Z,1.0
4438320915,2260491445,2021-05-31T09:21:41.000Z,1.0
1346885922529435650,1357369168035606528,2021-05-31T08:58:12.000Z,1.0
1359032777463582723,2260491445,2021-05-31T08:55:24.000Z,1.0
1537304178,1389061836327112708,2021-05-31T08:54:03.000Z,1.0
1537304178,1357369168035606528,2021-05-31T08:53:49.000Z,1.0
1537304178,1385435405030354949,2021-05-31T08:53:44.000Z,1.0
1537304178,1196805823177080832,2021-05-31T08:53:39.000Z,1.0
1380626911550828544,2260491445,2021-05-31T08:52:16.000Z,1.0
1315228987480780800,2260491445,2021-05-31T08:36:34.000Z,1.0
1396090994936979458,2260491445,2021-05-31T08:33:38.000Z,1.0
1386841767060770816,2260491445,2021-05-31T08:29:45.000Z,1.0
1152487441552564224,2260491445,2021-05-31T08:23:06.000Z,1.0
1390712374102052866,2260491445,2021-05-31T08:17:43.000Z,1.0
1339134631845588993,2260491445,2021-05-31T08:05:43.000Z,1.0
1377985538125307904,2260491445,2021-05-31T08:03:23.000Z,1.0
1386409269960998912,2260491445,2021-05-31T07:50:14.000Z,1.0
1373544594772725762,2260491445,2021-05-31T07:44:04.000Z,1.0
1365492578041421834,2260491445,2021-05-31T07:42:09.000Z,1.0
1378076619299024902,2260491445,2021-05-31T07:32:01.000Z,1.0
1363046898672672771,2260491445,2021-05-31T07:17:32.000Z,1.0
989728663422746629,2260491445,2021-05-31T07:14:28.000Z,1.0
1243394801199800320,2260491445,2021-05-31T07:09:03.000Z,1.0
1319242952644886528,2260491445,2021-05-31T07:08:01.000Z,1.0
1319242952644886528,2260491445,2021-05-31T07:07:49.000Z,1.0
1294940451888345088,2260491445,2021-05-31T07:06:38.000Z,1.0
1392151328730791936,2260491445,2021-05-31T07:01:45.000Z,1.0
1392151328730791936,2260491445,2021-05-31T07:00:32.000Z,1.0
1331569246816657408,2260491445,2021-05-31T06:33:08.000Z,1.0
1386519362454966272,2260491445,2021-05-31T06:30:18.000Z,1.0
1270821576741699584,2260491445,2021-05-31T06:11:41.000Z,1.0
2341155661,2260491445,2021-05-31T06:09:54.000Z,1.0
1173291241565499392,2260491445,2021-05-31T06:07:42.000Z,1.0
1335947311168573445,2260491445,2021-05-31T06:01:56.000Z,1.0
1395399171478376456,2260491445,2021-05-31T05:56:14.000Z,1.0
1398516850078666753,2260491445,2021-05-31T05:45:50.000Z,1.0
1393807685469020162,2260491445,2021-05-31T05:41:27.000Z,1.0
432516250,2260491445,2021-05-31T05:33:38.000Z,1.0
831872239138136064,2260491445,2021-05-31T05:29:28.000Z,1.0
488689666,2260491445,2021-05-31T05:23:22.000Z,1.0
1385528003350843393,2260491445,2021-05-31T05:04:03.000Z,1.0
1865053680,2260491445,2021-05-31T05:01:42.000Z,1.0
1381896490872803329,2260491445,2021-05-31T04:58:52.000Z,1.0
1319976957056970754,1398433463724691470,2021-05-31T04:58:50.000Z,1.0
1382920803222577152,2260491445,2021-05-31T04:53:10.000Z,1.0
1368048859113418755,2260491445,2021-05-31T04:43:07.000Z,1.0
1384041086146932736,2260491445,2021-05-31T04:36:46.000Z,1.0
1395646326289883137,1398433463724691470,2021-05-31T04:36:27.000Z,1.0
1360912854845562882,2260491445,2021-05-31T04:23:30.000Z,1.0
1398661422222090241,2260491445,2021-05-31T04:09:45.000Z,1.0
731122020386148352,2260491445,2021-05-31T03:59:46.000Z,1.0
1376167342137167873,2260491445,2021-05-31T03:55:58.000Z,1.0
1387103815267094529,2260491445,2021-05-31T03:31:13.000Z,1.0
921373265830039553,2260491445,2021-05-31T03:27:54.000Z,1.0
2190959507,2260491445,2021-05-31T03:19:12.000Z,1.0
3196981928,2260491445,2021-05-31T03:07:44.000Z,1.0
1364539879892209666,2260491445,2021-05-31T02:51:37.000Z,1.0
1398433463724691470,997041498989314049,2021-05-31T02:48:55.000Z,1.0
1398433463724691470,1395799024234545157,2021-05-31T02:48:06.000Z,1.0
1350370714591879168,2260491445,2021-05-31T02:46:43.000Z,1.0
1395799024234545157,1398433463724691470,2021-05-31T02:45:26.000Z,1.0
1188625222435590149,2260491445,2021-05-31T02:39:32.000Z,1.0
131769110,2260491445,2021-05-31T02:28:49.000Z,1.0
1224235248831074304,2260491445,2021-05-31T02:10:30.000Z,1.0
1190318978649997312,2260491445,2021-05-31T02:02:31.000Z,1.0
1188625222435590149,2260491445,2021-05-31T01:34:00.000Z,1.0
1394935618585698306,2260491445,2021-05-31T21:08:53.000Z,1.0
1379162471534067721,2260491445,2021-05-31T21:00:27.000Z,1.0
287552584,2260491445,2021-05-31T20:49:06.000Z,1.0
2435372956,2260491445,2021-05-31T20:46:22.000Z,1.0
1357042940955222016,2260491445,2021-05-31T20:38:39.000Z,1.0
1390537859422113793,2260491445,2021-05-31T20:37:15.000Z,1.0
1394377486688006145,2260491445,2021-05-31T20:35:01.000Z,1.0
774932456936005632,2260491445,2021-05-31T20:32:56.000Z,1.0
1343434613172162560,2260491445,2021-05-31T20:27:34.000Z,1.0
1286252729556508673,2260491445,2021-05-31T20:21:21.000Z,1.0
152693760,2260491445,2021-05-31T20:21:12.000Z,1.0
1381251124565434370,2260491445,2021-05-31T19:40:54.000Z,1.0
264699298,2260491445,2021-05-31T19:39:08.000Z,1.0
1228693541137809409,2260491445,2021-05-31T19:30:31.000Z,1.0
1022947912412815360,2260491445,2021-05-31T19:26:38.000Z,1.0
1380142986361774083,2260491445,2021-05-31T18:56:16.000Z,1.0
1364152976328155140,2260491445,2021-05-31T18:46:09.000Z,1.0
1356737596022480899,2260491445,2021-05-31T18:19:25.000Z,1.0
1396269331491786754,2260491445,2021-05-31T17:39:07.000Z,1.0
1396487713377767426,2260491445,2021-05-31T16:49:27.000Z,1.0
1382077031236526081,2260491445,2021-05-31T16:45:31.000Z,1.0
1262809809671401477,2260491445,2021-05-31T16:20:13.000Z,1.0
1368015299031695361,2260491445,2021-05-31T16:02:05.000Z,1.0
1398999648304500741,2260491445,2021-05-31T15:51:40.000Z,1.0
1132445479,2260491445,2021-05-31T15:25:03.000Z,1.0
1395666297686462466,2260491445,2021-05-31T14:53:25.000Z,1.0
294384572,2260491445,2021-05-31T14:48:24.000Z,1.0
1176761815348457472,2260491445,2021-05-31T14:45:48.000Z,1.0
1374341093093953538,2260491445,2021-05-31T13:51:31.000Z,1.0
1325376142283595776,1153928230233096192,2021-05-31T13:40:32.000Z,1.0
1396724179693674496,2260491445,2021-05-31T13:22:33.000Z,1.0
1356865248385331201,2260491445,2021-05-31T13:20:57.000Z,1.0
1399353001442267148,2260491445,2021-05-31T13:19:30.000Z,1.0
40906483,2260491445,2021-05-31T13:14:58.000Z,1.0
1234486909881200641,2260491445,2021-05-31T12:43:31.000Z,1.0
892677343839375360,2260491445,2021-05-31T12:34:39.000Z,1.0
1394651975086579716,2260491445,2021-05-31T12:04:45.000Z,1.0
1169758838737838081,2260491445,2021-05-31T12:02:28.000Z,1.0
1378015345059897345,2260491445,2021-05-31T11:53:13.000Z,1.0
1233773838170718209,2260491445,2021-05-31T11:43:35.000Z,1.0
1398220593871400962,2260491445,2021-05-31T11:41:21.000Z,1.0
1141317427847946240,2260491445,2021-05-31T11:40:34.000Z,1.0
796620562068099072,2260491445,2021-05-31T11:28:58.000Z,1.0
1246450381439238146,2260491445,2021-05-31T11:20:40.000Z,1.0
167708405,2260491445,2021-05-31T11:14:17.000Z,1.0
1399010188942888960,2260491445,2021-05-31T10:59:30.000Z,1.0
1363200086310871040,2260491445,2021-05-31T10:41:35.000Z,1.0
1190135046528593920,2260491445,2021-05-31T10:24:40.000Z,1.0
1387385396451971073,1387299190984773641,2021-05-31T10:24:10.000Z,1.0
1387299190984773641,2260491445,2021-05-31T10:23:43.000Z,1.0
1399308706353795075,2260491445,2021-05-31T10:19:53.000Z,1.0
1394144771539718144,2260491445,2021-05-31T10:11:47.000Z,1.0
889003006032609281,2260491445,2021-05-31T10:09:06.000Z,1.0
1378632005353492481,2260491445,2021-05-31T10:07:05.000Z,1.0
1301844368584630274,2260491445,2021-05-31T10:07:02.000Z,1.0
1392154336805867525,2260491445,2021-05-31T10:05:45.000Z,1.0
1360621789286596609,2260491445,2021-05-31T10:02:52.000Z,1.0
1391278733286264835,2260491445,2021-05-31T09:59:43.000Z,1.0
1355539317326811141,2260491445,2021-05-31T09:59:04.000Z,1.0
1387298796619530240,1387297790854721542,2021-05-31T09:57:28.000Z,1.0
1396287354449522688,2260491445,2021-05-31T09:57:20.000Z,1.0
1387297790854721542,2260491445,2021-05-31T09:56:16.000Z,1.0
1339540191002779648,2260491445,2021-05-31T09:54:05.000Z,1.0
1300419868638887936,2260491445,2021-05-31T09:53:01.000Z,1.0
1397888929286688770,2260491445,2021-05-31T09:52:01.000Z,1.0
1387297429951635456,1387386566578827264,2021-05-31T09:50:40.000Z,1.0
1387386566578827264,2260491445,2021-05-31T09:50:09.000Z,1.0
1377873866870038528,2260491445,2021-05-31T09:49:10.000Z,1.0
1367329926282551300,2260491445,2021-05-31T09:47:01.000Z,1.0
1397188020382674951,2260491445,2021-05-31T09:39:39.000Z,1.0
1397188020382674951,2260491445,2021-05-31T09:39:18.000Z,1.0
1183484252907868162,2260491445,2021-05-31T09:37:26.000Z,1.0
1395811194422890499,2260491445,2021-05-31T09:37:05.000Z,1.0
1385368367834431495,2260491445,2021-05-31T09:34:54.000Z,1.0
1396528746874773509,2260491445,2021-05-31T09:33:48.000Z,1.0
1399296225711513603,2260491445,2021-05-31T09:33:24.000Z,1.0
1392956866968252419,2260491445,2021-05-31T09:32:46.000Z,1.0
1384571936240513033,2260491445,2021-05-31T09:29:49.000Z,1.0
1393477421433724930,2260491445,2021-05-31T09:29:32.000Z,1.0
1319603959229599745,2260491445,2021-05-31T09:27:29.000Z,1.0
1397661909642584064,2260491445,2021-05-31T09:26:00.000Z,1.0
1363761167261458433,2260491445,2021-05-31T09:21:42.000Z,1.0
1359041851005755392,2260491445,2021-05-31T09:21:34.000Z,1.0
1366748982643281920,2260491445,2021-05-31T09:19:48.000Z,1.0
1398680218814992386,2260491445,2021-05-31T09:17:44.000Z,1.0
1286788718209073152,2260491445,2021-05-31T09:15:58.000Z,1.0
1304259138432704512,2260491445,2021-05-31T09:06:57.000Z,1.0
928703816559742979,2260491445,2021-05-31T09:05:29.000Z,1.0
1383122906968850433,2260491445,2021-05-31T09:04:48.000Z,1.0
1382170409970364417,2260491445,2021-05-31T08:58:46.000Z,1.0
1397120221714935809,2260491445,2021-05-31T08:56:57.000Z,1.0
1395892916954927106,2260491445,2021-05-31T08:55:40.000Z,1.0
1397454956274208779,2260491445,2021-05-31T08:54:20.000Z,1.0
1268903392635543554,2260491445,2021-05-31T08:53:43.000Z,1.0
1537304178,878502163504386048,2021-05-31T08:53:17.000Z,1.0
1359032777463582723,2260491445,2021-05-31T08:53:16.000Z,1.0
1537304178,942323793355194368,2021-05-31T08:53:12.000Z,1.0
1537304178,2260491445,2021-05-31T08:53:06.000Z,1.0
1396735269697507331,2260491445,2021-05-31T08:50:47.000Z,1.0
1390673090863058970,1381152306662543363,2021-05-31T21:25:42.000Z,1.0
1390673090863058970,1398153417860788225,2021-05-31T21:25:28.000Z,1.0
1390673090863058970,1273366250710806531,2021-05-31T21:25:16.000Z,1.0
1390673090863058970,1382359160797360128,2021-05-31T21:24:57.000Z,1.0
501042222,2260491445,2021-05-31T20:08:54.000Z,1.0
1228693541137809409,2260491445,2021-05-31T19:34:40.000Z,1.0
1285954400,2260491445,2021-05-31T18:23:41.000Z,1.0
999696518650228737,2260491445,2021-05-31T17:16:56.000Z,1.0
1395666297686462466,2260491445,2021-05-31T14:53:37.000Z,1.0
1396177411981684736,888667738008367104,2021-05-31T14:23:20.000Z,1.0
1396177411981684736,2260491445,2021-05-31T14:23:08.000Z,1.0
1271453650318249984,1319369787848405003,2021-05-31T14:14:20.000Z,1.0
1388225805864603650,1318991452450553857,2021-05-31T13:58:16.000Z,1.0
1374341093093953538,2260491445,2021-05-31T13:51:41.000Z,1.0
1316476747685167106,1316472651339235328,2021-05-31T13:09:35.000Z,1.0
1392176734829699077,2260491445,2021-05-31T13:02:47.000Z,1.0
1384253010818179081,2260491445,2021-05-31T12:51:10.000Z,1.0
1067512694620729345,2260491445,2021-05-31T11:48:02.000Z,1.0
1363200086310871040,2260491445,2021-05-31T10:41:47.000Z,1.0
1387299397872996352,1387299074936918016,2021-05-31T10:29:09.000Z,1.0
1387299074936918016,2260491445,2021-05-31T10:28:22.000Z,1.0
1355539317326811141,2260491445,2021-05-31T10:03:42.000Z,1.0
1272228375210463238,2260491445,2021-05-31T09:49:31.000Z,1.0
1397661909642584064,2260491445,2021-05-31T09:26:18.000Z,1.0
518746751,2260491445,2021-05-31T09:17:55.000Z,1.0
518746751,2260491445,2021-05-31T09:16:03.000Z,1.0
1396514732593532932,2260491445,2021-05-31T08:18:06.000Z,1.0
593631871,2260491445,2021-05-31T07:07:24.000Z,1.0
2341155661,2260491445,2021-05-31T06:10:04.000Z,1.0
1396487713377767426,2260491445,2021-05-31T05:56:15.000Z,1.0
1379380260794290183,888667738008367104,2021-05-31T05:56:00.000Z,1.0
1398516850078666753,2260491445,2021-05-31T05:45:59.000Z,1.0
162349643,2260491445,2021-05-31T05:28:40.000Z,1.0
1324338588121665536,2260491445,2021-05-31T05:09:16.000Z,1.0
880343491557163010,2260491445,2021-05-31T04:52:37.000Z,1.0
734681299059806208,888667738008367104,2021-05-31T04:01:05.000Z,1.0
304861191,1395694494218063875,2021-05-31T03:53:50.000Z,1.0
1360019899691790344,1395694494218063875,2021-05-31T03:40:10.000Z,1.0
1396538279596421120,2260491445,2021-05-31T03:30:10.000Z,1.0
1224235248831074304,2260491445,2021-05-31T02:15:03.000Z,1.0
1398363892934496263,2260491445,2021-05-31T01:39:21.000Z,1.0
1384276136943710209,2260491445,2021-05-31T01:10:44.000Z,1.0
843600904813264898,2260491445,2021-05-31T01:04:43.000Z,1.0
1397905292919296001,2260491445,2021-05-31T01:04:10.000Z,1.0
1369988670888017928,888667738008367104,2021-05-31T00:51:04.000Z,1.0
1385523602213068802,2260491445,2021-05-31T00:10:58.000Z,1.0
1398642996296392706,2260491445,2021-05-31T00:09:11.000Z,1.0
1370459876497981441,2260491445,2021-05-30T23:55:21.000Z,1.0
1395694494218063875,2260491445,2021-05-30T23:33:02.000Z,1.0
1370575731906908161,2260491445,2021-05-30T23:06:32.000Z,1.0
1398310257374466049,2260491445,2021-05-30T23:01:57.000Z,1.0
1388569974512312321,519745365,2021-05-30T22:33:44.000Z,1.0
1398929242012930050,2260491445,2021-05-30T22:33:12.000Z,1.0
1081313375991353344,2260491445,2021-05-30T22:20:35.000Z,1.0
2341155661,2260491445,2021-05-30T22:14:01.000Z,1.0
1361070870496763905,2260491445,2021-05-30T22:06:48.000Z,1.0
1366051665212825603,2260491445,2021-05-30T21:49:10.000Z,1.0
519745365,2260491445,2021-05-30T21:42:40.000Z,1.0
1346360503870885889,2260491445,2021-05-30T21:36:24.000Z,1.0
1398414704091963395,2260491445,2021-05-30T21:21:03.000Z,1.0
1395552134410784778,2260491445,2021-05-30T21:14:30.000Z,1.0
1310948251839889408,2260491445,2021-05-30T21:08:48.000Z,1.0
1278692200587673601,2260491445,2021-05-30T20:47:31.000Z,1.0
1398816244791496706,2260491445,2021-05-30T20:45:21.000Z,1.0
1319369787848405003,2260491445,2021-05-30T20:42:12.000Z,1.0
1398773204676747265,2260491445,2021-05-30T20:38:16.000Z,1.0
1397939101337272321,1392535996034686978,2021-05-30T20:31:14.000Z,1.0
1245340101468708869,1392535996034686978,2021-05-30T20:29:37.000Z,1.0
1395391081609629701,2260491445,2021-05-30T20:27:30.000Z,1.0
1398965418325331968,1392535996034686978,2021-05-30T20:27:22.000Z,1.0
1399094834565160964,2260491445,2021-05-30T20:27:04.000Z,1.0
1397225454520520704,2260491445,2021-05-30T20:22:07.000Z,1.0
1396723756186447876,2260491445,2021-05-30T20:21:43.000Z,1.0
1318991452450553857,2260491445,2021-05-30T20:18:52.000Z,1.0
750863670595444737,2260491445,2021-05-30T20:15:04.000Z,1.0
1376022723437150212,888667738008367104,2021-05-30T20:12:51.000Z,1.0
1376022723437150212,2260491445,2021-05-30T20:12:18.000Z,1.0
1364774638144925696,2260491445,2021-05-30T20:12:02.000Z,1.0
1316472651339235328,2260491445,2021-05-30T19:55:18.000Z,1.0
763493806759116801,888667738008367104,2021-05-30T19:16:34.000Z,1.0
763493806759116801,2260491445,2021-05-30T19:16:12.000Z,1.0
1391803960911147015,2260491445,2021-05-30T18:48:01.000Z,1.0
1392569387937316865,888667738008367104,2021-05-30T18:45:17.000Z,1.0
218677109,2260491445,2021-05-30T18:26:29.000Z,1.0
1397773025051807745,2260491445,2021-05-30T18:09:54.000Z,1.0
1396200319902703621,888667738008367104,2021-05-30T18:08:33.000Z,1.0
1397646244034629643,2260491445,2021-05-30T18:08:27.000Z,1.0
1397222285258289153,2260491445,2021-05-30T17:58:45.000Z,1.0
1377398587257147393,1389349561500676096,2021-05-30T17:54:12.000Z,1.0
381584145,2260491445,2021-05-30T17:52:39.000Z,1.0
1236198682480898048,2260491445,2021-05-30T17:35:51.000Z,1.0
1394693643810844677,2260491445,2021-05-30T17:32:01.000Z,1.0
1336408054485708802,2260491445,2021-05-30T17:28:36.000Z,1.0
1431250272,2260491445,2021-05-30T17:26:44.000Z,1.0
1169758838737838081,2260491445,2021-05-30T17:18:36.000Z,1.0
3105950148,888667738008367104,2021-05-30T17:16:54.000Z,1.0
3105950148,2260491445,2021-05-30T17:15:36.000Z,1.0
1398660113200607232,2260491445,2021-05-30T17:08:54.000Z,1.0
1389349561500676096,2260491445,2021-05-30T16:50:03.000Z,1.0
535143868,2260491445,2021-05-30T16:44:31.000Z,1.0
1399456337562673155,2260491445,2021-05-31T20:27:59.000Z,1.0
1398355094001926156,1390688789673152512,2021-05-31T18:33:59.000Z,1.0
1395666297686462466,2260491445,2021-05-31T14:53:43.000Z,1.0
178969166,2260491445,2021-05-31T09:37:29.000Z,1.0
1397661909642584064,2260491445,2021-05-31T09:26:23.000Z,1.0
1399245696839077895,2260491445,2021-05-31T09:08:05.000Z,1.0
1399245696839077895,2260491445,2021-05-31T09:07:46.000Z,1.0
1395399171478376456,2260491445,2021-05-31T05:56:26.000Z,1.0
1392710695397990407,2260491445,2021-05-31T01:56:21.000Z,1.0
1397905292919296001,2260491445,2021-05-31T01:06:44.000Z,1.0
1389548165846667267,2260491445,2021-05-31T00:45:36.000Z,1.0
1370575731906908161,2260491445,2021-05-30T23:07:11.000Z,1.0
1395830428964098053,1392866950393573376,2021-05-30T21:40:42.000Z,1.0
1346360503870885889,2260491445,2021-05-30T21:36:33.000Z,1.0
1399094834565160964,2260491445,2021-05-30T20:27:29.000Z,1.0
1391803960911147015,2260491445,2021-05-30T18:48:08.000Z,1.0
1398525036470931456,2260491445,2021-05-30T18:31:45.000Z,1.0
1344506506675433473,1397801022274277379,2021-05-30T18:12:07.000Z,1.0
1344506506675433473,1397801022274277379,2021-05-30T17:54:22.000Z,1.0
788713672663109632,2260491445,2021-05-30T17:42:47.000Z,1.0
1398660113200607232,2260491445,2021-05-30T17:09:11.000Z,1.0
1385506660001718274,2260491445,2021-05-30T16:28:52.000Z,1.0
1392249179825651715,2260491445,2021-05-30T16:11:49.000Z,1.0
1396435044743270402,1374353256885989378,2021-05-30T16:04:13.000Z,1.0
1396435044743270402,2260491445,2021-05-30T16:03:55.000Z,1.0
1396435044743270402,1282780411345506305,2021-05-30T16:03:43.000Z,1.0
1080069996011761664,2260491445,2021-05-30T16:03:12.000Z,1.0
1390419173801611264,2260491445,2021-05-30T15:10:35.000Z,1.0
1386216074316759040,1390688789673152512,2021-05-30T14:43:50.000Z,1.0
1386216074316759040,1390688789673152512,2021-05-30T14:43:38.000Z,1.0
2868613726,1397801022274277379,2021-05-30T14:38:00.000Z,1.0
1314862875761160195,2260491445,2021-05-30T13:36:30.000Z,1.0
1258814888891342848,2260491445,2021-05-30T13:03:19.000Z,1.0
1380812367081177095,2260491445,2021-05-30T12:54:26.000Z,1.0
1383656402929868803,1216812765689544706,2021-05-30T12:48:45.000Z,1.0
1388281855930159110,2260491445,2021-05-30T12:41:39.000Z,1.0
1387007745166127106,1397801022274277379,2021-05-30T12:23:51.000Z,1.0
581171028,2260491445,2021-05-30T12:07:40.000Z,1.0
1312027166331285506,1390688789673152512,2021-05-30T11:50:47.000Z,1.0
150955178,2260491445,2021-05-30T11:34:27.000Z,1.0
1370422182862524416,2260491445,2021-05-30T11:26:57.000Z,1.0
1384963491619016712,2260491445,2021-05-30T11:24:36.000Z,1.0
2979906422,2260491445,2021-05-30T11:21:05.000Z,1.0
1144778632835096578,2260491445,2021-05-30T11:16:57.000Z,1.0
1387648166946693122,2260491445,2021-05-30T10:59:02.000Z,1.0
1398949640469467136,2260491445,2021-05-30T10:57:23.000Z,1.0
1370073817444417547,1397801022274277379,2021-05-30T10:50:10.000Z,1.0
1370073817444417547,1397801022274277379,2021-05-30T10:49:52.000Z,1.0
1370073817444417547,1397801022274277379,2021-05-30T10:49:39.000Z,1.0
1370073817444417547,1397801022274277379,2021-05-30T10:48:16.000Z,1.0
1370073817444417547,1397801022274277379,2021-05-30T10:47:54.000Z,1.0
1370073817444417547,1397801022274277379,2021-05-30T10:47:43.000Z,1.0
1367477852539670528,1397801022274277379,2021-05-30T10:46:14.000Z,1.0
1352280185975005184,1397801022274277379,2021-05-30T10:45:58.000Z,1.0
3343372995,1397943037062369284,2021-05-30T10:42:38.000Z,1.0
4777953901,2260491445,2021-05-30T10:37:08.000Z,1.0
1398942610274668544,2260491445,2021-05-30T10:36:57.000Z,1.0
1384006920697106437,1390688789673152512,2021-05-30T10:36:32.000Z,1.0
1384006920697106437,2260491445,2021-05-30T10:36:26.000Z,1.0
1250137038277332993,1397801022274277379,2021-05-30T10:30:15.000Z,1.0
2529877116,1397801022274277379,2021-05-30T10:22:30.000Z,1.0
1398336239594622976,1380468607965138945,2021-05-30T10:20:06.000Z,1.0
1398336239594622976,1390688789673152512,2021-05-30T10:20:03.000Z,1.0
1398336239594622976,1390688789673152512,2021-05-30T10:19:38.000Z,1.0
1397952455715876866,1397801022274277379,2021-05-30T10:17:44.000Z,1.0
1300674507519275008,2260491445,2021-05-30T10:17:31.000Z,1.0
1382968636617457666,1390688789673152512,2021-05-30T10:12:38.000Z,1.0
1370073817444417547,1397801022274277379,2021-05-30T10:12:08.000Z,1.0
1397952455715876866,1397801022274277379,2021-05-30T10:11:47.000Z,1.0
223226122,2260491445,2021-05-30T10:08:39.000Z,1.0
1355770092483715073,1397801022274277379,2021-05-30T10:05:27.000Z,1.0
1342160159523676164,1397801022274277379,2021-05-30T09:54:41.000Z,1.0
1300674507519275008,2260491445,2021-05-30T09:52:47.000Z,1.0
1371088609642741764,1397801022274277379,2021-05-30T09:50:03.000Z,1.0
1371088609642741764,1397801022274277379,2021-05-30T09:49:37.000Z,1.0
1371088609642741764,1397801022274277379,2021-05-30T09:49:17.000Z,1.0
1371088609642741764,1397801022274277379,2021-05-30T09:49:00.000Z,1.0
1371088609642741764,1397801022274277379,2021-05-30T09:48:49.000Z,1.0
1371088609642741764,1397801022274277379,2021-05-30T09:48:37.000Z,1.0
1371088609642741764,1397801022274277379,2021-05-30T09:47:50.000Z,1.0
1371088609642741764,1397801022274277379,2021-05-30T09:47:40.000Z,1.0
1371088609642741764,1397801022274277379,2021-05-30T09:47:14.000Z,1.0
1371088609642741764,1397801022274277379,2021-05-30T09:47:03.000Z,1.0
1371088609642741764,1397801022274277379,2021-05-30T09:46:50.000Z,1.0
1371088609642741764,1397801022274277379,2021-05-30T09:45:42.000Z,1.0
1371088609642741764,1397801022274277379,2021-05-30T09:45:33.000Z,1.0
1355770092483715073,1397801022274277379,2021-05-30T09:45:27.000Z,1.0
1371088609642741764,1397801022274277379,2021-05-30T09:43:14.000Z,1.0
1371088609642741764,1397801022274277379,2021-05-30T09:43:03.000Z,1.0
1371088609642741764,1397801022274277379,2021-05-30T09:42:51.000Z,1.0
1371088609642741764,1397801022274277379,2021-05-30T09:42:43.000Z,1.0
1371088609642741764,1397801022274277379,2021-05-30T09:42:33.000Z,1.0
1371088609642741764,1397801022274277379,2021-05-30T09:42:21.000Z,1.0
1398680587875938305,2260491445,2021-05-30T09:42:13.000Z,1.0
1371088609642741764,1397801022274277379,2021-05-30T09:42:11.000Z,1.0
1371088609642741764,1397801022274277379,2021-05-30T09:42:02.000Z,1.0
976794582351536128,1141317427847946240,2021-05-30T09:23:43.000Z,1.0
1397852134511628289,1392235389059047424,2021-05-30T09:15:40.000Z,1.0
1392235389059047424,2260491445,2021-05-30T09:14:46.000Z,1.0
1345091491702710277,1390688789673152512,2021-05-30T09:12:21.000Z,1.0
1399461413064687618,2260491445,2021-05-31T21:25:26.000Z,1.0
1386409269960998912,1381666779030822914,2021-05-31T21:16:10.000Z,1.0
223711742,2260491445,2021-05-31T20:58:00.000Z,1.0
2435372956,2260491445,2021-05-31T20:50:16.000Z,1.0
1394773450720415745,2260491445,2021-05-31T20:45:48.000Z,1.0
1390537859422113793,2260491445,2021-05-31T20:41:02.000Z,1.0
1357042940955222016,2260491445,2021-05-31T20:39:11.000Z,1.0
1394377486688006145,2260491445,2021-05-31T20:37:24.000Z,1.0
774932456936005632,2260491445,2021-05-31T20:34:48.000Z,1.0
1343434613172162560,2260491445,2021-05-31T20:31:53.000Z,1.0
1399456337562673155,2260491445,2021-05-31T20:26:39.000Z,1.0
1286252729556508673,2260491445,2021-05-31T20:21:35.000Z,1.0
1383472932387647499,2260491445,2021-05-31T20:19:25.000Z,1.0
1366051665212825603,2260491445,2021-05-31T19:52:18.000Z,1.0
2677631925,2260491445,2021-05-31T19:05:01.000Z,1.0
1380142986361774083,2260491445,2021-05-31T18:54:28.000Z,1.0
1390328539761754118,1127490846561931264,2021-05-31T18:36:19.000Z,1.0
1215731636802924545,2260491445,2021-05-31T18:11:41.000Z,1.0
1393064229784096771,1127490846561931264,2021-05-31T17:42:02.000Z,1.0
1380272129350856705,2260491445,2021-05-31T17:27:40.000Z,1.0
1398153417860788225,2260491445,2021-05-31T17:08:28.000Z,1.0
1398153417860788225,1396530388399443976,2021-05-31T17:04:34.000Z,1.0
1300087805364908037,2260491445,2021-05-31T16:54:57.000Z,1.0
82315807,1118074855956434944,2021-05-31T16:51:17.000Z,1.0
1118074855956434944,2260491445,2021-05-31T16:49:34.000Z,1.0
1381666779030822914,2260491445,2021-05-31T16:45:19.000Z,1.0
1193561586,2260491445,2021-05-31T16:24:58.000Z,1.0
1399386845478195202,2260491445,2021-05-31T15:45:41.000Z,1.0
1372891074000216073,2260491445,2021-05-31T15:02:07.000Z,1.0
2780747676,2260491445,2021-05-31T14:59:31.000Z,1.0
1395666297686462466,2260491445,2021-05-31T14:53:49.000Z,1.0
1202232520634294272,2260491445,2021-05-31T14:46:16.000Z,1.0
2717561626,2260491445,2021-05-31T14:34:41.000Z,1.0
1307984867922190336,2260491445,2021-05-31T14:07:48.000Z,1.0
1399012090745131009,2260491445,2021-05-31T13:44:27.000Z,1.0
1399296591450673154,2260491445,2021-05-31T13:42:55.000Z,1.0
1399359258622234624,2260491445,2021-05-31T13:40:38.000Z,1.0
1381321279765102597,2260491445,2021-05-31T13:16:56.000Z,1.0
1392176734829699077,2260491445,2021-05-31T12:51:24.000Z,1.0
1399289190018293763,2260491445,2021-05-31T12:30:41.000Z,1.0
1391434598089887752,2260491445,2021-05-31T12:27:52.000Z,1.0
1077447240,1390688789673152512,2021-05-31T11:32:05.000Z,1.0
1397905292919296001,2260491445,2021-05-31T11:31:22.000Z,1.0
1234032887953022976,2260491445,2021-05-31T10:58:31.000Z,1.0
1398649254512447492,2260491445,2021-05-31T10:25:23.000Z,1.0
1383838887835959298,2260491445,2021-05-31T10:23:57.000Z,1.0
1355539317326811141,2260491445,2021-05-31T10:04:21.000Z,1.0
1399164233762279424,2260491445,2021-05-31T09:53:23.000Z,1.0
1397661909642584064,2260491445,2021-05-31T09:26:28.000Z,1.0
1399289190018293763,2260491445,2021-05-31T09:15:21.000Z,1.0
1329922027076120578,2260491445,2021-05-31T09:00:57.000Z,1.0
1399281013868560384,2260491445,2021-05-31T08:30:52.000Z,1.0
1380605018156371968,2260491445,2021-05-31T08:28:13.000Z,1.0
1383452929433079814,2260491445,2021-05-31T08:23:07.000Z,1.0
1399230541900120064,2260491445,2021-05-31T08:20:37.000Z,1.0
1399178684246859776,2260491445,2021-05-31T08:07:20.000Z,1.0
1398609998071013377,2260491445,2021-05-31T08:02:57.000Z,1.0
1399232262349090817,2260491445,2021-05-31T07:46:04.000Z,1.0
1398951287815696389,2260491445,2021-05-31T07:09:02.000Z,1.0
1398783608358260736,2260491445,2021-05-31T07:02:35.000Z,1.0
1399256039606734848,2260491445,2021-05-31T06:51:50.000Z,1.0
1399248349618860034,2260491445,2021-05-31T06:30:51.000Z,1.0
1398552921084624896,2260491445,2021-05-31T06:12:26.000Z,1.0
1398552921084624896,2260491445,2021-05-31T06:00:07.000Z,1.0
1395399171478376456,1264658685634252800,2021-05-31T05:55:54.000Z,1.0
1395399171478376456,2260491445,2021-05-31T05:55:34.000Z,1.0
1397227323099779072,2260491445,2021-05-31T05:49:45.000Z,1.0
1375491960677408771,2260491445,2021-05-31T05:45:54.000Z,1.0
1398882094412009472,2260491445,2021-05-31T05:32:21.000Z,1.0
1399229253577707522,2260491445,2021-05-31T05:10:38.000Z,1.0
1243508554570530816,2260491445,2021-05-31T04:31:21.000Z,1.0
1389726489353113604,1395312320654430209,2021-05-31T04:22:48.000Z,1.0
1395312320654430209,2260491445,2021-05-31T04:19:08.000Z,1.0
1389726489353113604,1398186959680393220,2021-05-31T04:15:48.000Z,1.0
1379471885650497540,2260491445,2021-05-31T03:33:34.000Z,1.0
1396538279596421120,2260491445,2021-05-31T03:32:03.000Z,1.0
1380548300596637698,2260491445,2021-05-31T03:09:43.000Z,1.0
1398784484741304320,2260491445,2021-05-31T02:45:10.000Z,1.0
1188625222435590149,2260491445,2021-05-31T02:39:53.000Z,1.0
1394695728232996867,2260491445,2021-05-31T02:34:35.000Z,1.0
1355031337829195784,2260491445,2021-05-31T02:32:36.000Z,1.0
1397598862286606340,2260491445,2021-05-31T02:30:13.000Z,1.0
1398324469257494532,2260491445,2021-05-31T02:18:03.000Z,1.0
748550958368460800,2260491445,2021-05-31T02:01:00.000Z,1.0
1399178684246859776,2260491445,2021-05-31T01:42:46.000Z,1.0
1188625222435590149,2260491445,2021-05-31T01:34:24.000Z,1.0
2812396482,2260491445,2021-05-31T00:53:26.000Z,1.0
1397544557156323335,2260491445,2021-05-31T00:52:41.000Z,1.0
1021568966257344513,1398585212364374016,2021-05-31T00:30:14.000Z,1.0
1398650508634517506,2260491445,2021-05-31T00:23:30.000Z,1.0
1374134784721444865,2260491445,2021-05-30T23:28:57.000Z,1.0
2221426189,2260491445,2021-05-30T22:52:24.000Z,1.0
1368089677731799042,2260491445,2021-05-30T22:40:04.000Z,1.0
1349931506039451657,2260491445,2021-05-30T22:20:40.000Z,1.0
1089882475,2260491445,2021-05-30T22:16:37.000Z,1.0
1349131791463026688,2260491445,2021-05-30T22:11:18.000Z,1.0
1377597782467432450,2260491445,2021-05-30T21:51:16.000Z,1.0
1363659218834903040,2260491445,2021-05-30T21:49:53.000Z,1.0
1336896684220055552,2260491445,2021-05-30T21:47:15.000Z,1.0
1366051665212825603,2260491445,2021-05-30T21:46:19.000Z,1.0
1399456337562673155,2260491445,2021-05-31T20:26:55.000Z,1.0
1384472335047036928,2260491445,2021-05-31T10:43:19.000Z,1.0
1305133843469402144,2260491445,2021-05-31T09:50:41.000Z,1.0
1392387856950206464,2260491445,2021-05-31T09:28:56.000Z,1.0
1170578712258965504,2260491445,2021-05-31T08:01:06.000Z,1.0
1395399171478376456,2260491445,2021-05-31T06:10:05.000Z,1.0
1376719903949008898,2260491445,2021-05-31T01:16:29.000Z,1.0
1397905292919296001,2260491445,2021-05-31T01:03:46.000Z,1.0
1511877912,2260491445,2021-05-30T22:29:27.000Z,1.0
1398685365750411265,2260491445,2021-05-30T20:49:21.000Z,1.0
1165885919498506240,2260491445,2021-05-30T20:12:57.000Z,1.0
1389860903299043328,2260491445,2021-05-30T18:55:39.000Z,1.0
1377837520864481282,2260491445,2021-05-30T15:38:31.000Z,1.0
1392850698996379652,2260491445,2021-05-30T15:30:37.000Z,1.0
1389488259571458048,2260491445,2021-05-30T14:38:54.000Z,1.0
1366842732510146566,2260491445,2021-05-30T12:41:55.000Z,1.0
1291748572363280384,2260491445,2021-05-30T11:03:27.000Z,1.0
1381928440199147521,2260491445,2021-05-30T10:46:59.000Z,1.0
1360816096966705159,2260491445,2021-05-30T10:42:07.000Z,1.0
201773716,2260491445,2021-05-30T10:17:58.000Z,1.0
1391058078443864066,2260491445,2021-05-30T10:02:10.000Z,1.0
1283666547249016832,2260491445,2021-05-30T09:45:25.000Z,1.0
1324696791913287681,1324696791913287681,2021-05-30T09:40:09.000Z,1.0
1367102976247140354,2260491445,2021-05-30T09:33:13.000Z,1.0
1242116339801526273,2260491445,2021-05-30T09:31:04.000Z,1.0
1351929847262502914,2260491445,2021-05-30T07:36:53.000Z,1.0
1324696791913287681,1324696791913287681,2021-05-30T06:10:57.000Z,1.0
1324696791913287681,2260491445,2021-05-30T06:07:09.000Z,1.0
1391348230680715266,2260491445,2021-05-30T06:00:23.000Z,1.0
1386891223902740480,2260491445,2021-05-30T05:48:54.000Z,1.0
1397820134387900416,2260491445,2021-05-30T05:05:40.000Z,1.0
1374641776401641472,2260491445,2021-05-30T04:19:42.000Z,1.0
518746751,2260491445,2021-05-30T04:19:01.000Z,1.0
1345902394568151040,1237512554601054210,2021-05-30T03:02:59.000Z,1.0
1372039706582605824,1388531083424145409,2021-05-30T02:59:45.000Z,1.0
1372039706582605824,1288482178637000704,2021-05-30T02:59:38.000Z,1.0
1372039706582605824,1817551674,2021-05-30T02:59:28.000Z,1.0
1372039706582605824,1390295758096699398,2021-05-30T02:59:16.000Z,1.0
1372039706582605824,1027581121893224449,2021-05-30T02:59:05.000Z,1.0
878348777739997185,2260491445,2021-05-30T02:40:13.000Z,1.0
1208409083843399681,2260491445,2021-05-30T02:35:01.000Z,1.0
1086886149077950464,2260491445,2021-05-30T01:43:54.000Z,1.0
988556697462607872,2260491445,2021-05-30T01:25:03.000Z,1.0
1379391162574794756,2260491445,2021-05-30T01:21:46.000Z,1.0
1491139214,2260491445,2021-05-29T20:49:01.000Z,1.0
1398664998021472261,26806748,2021-05-29T19:50:44.000Z,1.0
1398664998021472261,2260491445,2021-05-29T19:50:30.000Z,1.0
1389314475782656001,2260491445,2021-05-29T19:17:42.000Z,1.0
1380548505559793666,2260491445,2021-05-29T18:28:04.000Z,1.0
1227663820279046144,2260491445,2021-05-29T18:11:37.000Z,1.0
2150942564,2150942564,2021-05-29T18:08:53.000Z,1.0
1231241066575060993,2260491445,2021-05-29T17:49:46.000Z,1.0
1376707165407248389,2260491445,2021-05-29T17:01:14.000Z,1.0
1396065808648851457,2260491445,2021-05-29T17:00:06.000Z,1.0
1398677040740462592,2260491445,2021-05-29T16:38:14.000Z,1.0
1390295758096699398,2260491445,2021-05-29T16:11:41.000Z,1.0
939861062362456064,2260491445,2021-05-29T14:56:40.000Z,1.0
26806748,2260491445,2021-05-29T14:56:32.000Z,1.0
738719667485855745,2260491445,2021-05-29T14:50:01.000Z,1.0
1381825541309800449,2260491445,2021-05-29T14:43:52.000Z,1.0
1398431737068261376,2260491445,2021-05-29T13:51:30.000Z,1.0
1380640678728904708,2260491445,2021-05-29T13:39:42.000Z,1.0
1265683003952553984,2260491445,2021-05-29T13:02:54.000Z,1.0
1382302666441723907,2260491445,2021-05-29T12:09:31.000Z,1.0
1216372004456026112,2260491445,2021-05-29T12:03:00.000Z,1.0
1387452399531401222,2260491445,2021-05-29T11:55:02.000Z,1.0
1397525714409197576,2260491445,2021-05-29T11:48:30.000Z,1.0
1385544005614714880,2260491445,2021-05-29T11:00:53.000Z,1.0
868005087649640448,2260491445,2021-05-29T10:50:17.000Z,1.0
1397892570408177670,2260491445,2021-05-29T10:49:37.000Z,1.0
903973166820847616,2260491445,2021-05-29T10:36:45.000Z,1.0
778897522903298048,2260491445,2021-05-29T10:35:18.000Z,1.0
1349719596585123850,2260491445,2021-05-29T10:33:07.000Z,1.0
1393461676440051712,2260491445,2021-05-29T10:23:52.000Z,1.0
1388662250005749764,2260491445,2021-05-29T09:50:54.000Z,1.0
752575414640443396,2260491445,2021-05-29T09:20:48.000Z,1.0
1397525714409197576,2260491445,2021-05-29T09:07:39.000Z,1.0
1361166156757798914,2260491445,2021-05-29T09:07:06.000Z,1.0
1364711176530063362,2260491445,2021-05-29T08:46:19.000Z,1.0
224358742,2260491445,2021-05-29T08:19:14.000Z,1.0
1384446531609182209,2260491445,2021-05-29T08:02:30.000Z,1.0
1397959709488029699,2260491445,2021-05-29T07:58:29.000Z,1.0
1348643758233903108,2260491445,2021-05-29T07:44:15.000Z,1.0
1668239622,2260491445,2021-05-29T07:09:31.000Z,1.0
1668239622,2260491445,2021-05-29T07:09:18.000Z,1.0
1294532865531641857,2260491445,2021-05-29T06:59:59.000Z,1.0
3176477716,2260491445,2021-05-29T06:42:32.000Z,1.0
1377575463627976708,26806748,2021-05-29T06:40:29.000Z,1.0
443850357,2260491445,2021-05-29T06:37:38.000Z,1.0
1288482178637000704,2260491445,2021-05-29T06:27:40.000Z,1.0
1382374105069010950,2260491445,2021-05-29T06:20:41.000Z,1.0
460246115,2260491445,2021-05-29T05:39:38.000Z,1.0
1363878373353693184,2260491445,2021-05-29T05:32:37.000Z,1.0
1363878373353693184,2260491445,2021-05-29T05:20:47.000Z,1.0
899995718881902594,2260491445,2021-05-29T04:54:18.000Z,1.0
823350770762268673,2260491445,2021-05-29T04:13:21.000Z,1.0
1389929120071622657,2260491445,2021-05-29T04:12:32.000Z,1.0
823350770762268673,2260491445,2021-05-29T04:12:01.000Z,1.0
1386930186113880065,2260491445,2021-05-29T04:07:41.000Z,1.0
3091376973,2260491445,2021-05-29T03:37:09.000Z,1.0
1355301057115660292,2260491445,2021-05-30T19:53:19.000Z,1.0
977140598795743232,2260491445,2021-05-28T06:07:25.000Z,1.0
1397506130180407302,2260491445,2021-05-27T10:58:09.000Z,1.0
1346830063518375939,2260491445,2021-05-27T09:50:43.000Z,1.0
1391566121460027397,2260491445,2021-05-27T02:53:10.000Z,1.0
2434970442,2260491445,2021-05-26T22:31:25.000Z,1.0
1335349669795344384,2260491445,2021-05-26T16:07:29.000Z,1.0
2497711100,2260491445,2021-05-26T15:39:49.000Z,1.0
980273670072434688,2260491445,2021-05-26T13:19:27.000Z,1.0
1333469197658152964,2260491445,2021-05-26T09:42:16.000Z,1.0
3420279981,2260491445,2021-05-26T08:43:53.000Z,1.0
1038114238307303424,2260491445,2021-05-26T06:50:08.000Z,1.0
1393882370487439362,2260491445,2021-05-26T06:04:39.000Z,1.0
1026020741156728833,2260491445,2021-05-26T05:11:39.000Z,1.0
917548095696601090,2260491445,2021-05-26T05:04:05.000Z,1.0
2510932500,2260491445,2021-05-26T04:38:57.000Z,1.0
1979677099,2260491445,2021-05-26T03:15:23.000Z,1.0
1376010136494485506,2260491445,2021-05-26T02:19:33.000Z,1.0
854193740012937216,2260491445,2021-05-26T01:45:05.000Z,1.0
1366480886854729728,2260491445,2021-05-26T00:17:55.000Z,1.0
1366051665212825603,2260491445,2021-05-26T00:00:16.000Z,1.0
1390908728770129927,1363198271804633103,2021-05-25T23:30:06.000Z,1.0
1393193119231868932,2260491445,2021-05-25T23:23:23.000Z,1.0
1371051459261964290,2260491445,2021-05-25T23:16:31.000Z,1.0
1395284148965814274,1395284148965814274,2021-05-25T22:55:37.000Z,1.0
1208857869258383361,1395284148965814274,2021-05-25T22:43:26.000Z,1.0
1395284148965814274,2260491445,2021-05-25T21:54:04.000Z,1.0
1467747145,2260491445,2021-05-25T21:39:56.000Z,1.0
707408490604531713,2260491445,2021-05-25T18:42:08.000Z,1.0
1103049038,2260491445,2021-05-25T18:37:59.000Z,1.0
1056614707329687559,2260491445,2021-05-25T18:33:25.000Z,1.0
1103049038,2260491445,2021-05-25T17:47:06.000Z,1.0
591122850,2260491445,2021-05-25T17:03:06.000Z,1.0
1394929149979017218,2260491445,2021-05-25T17:01:50.000Z,1.0
938875711162650624,2260491445,2021-05-25T16:48:42.000Z,1.0
1379519845906083841,2260491445,2021-05-25T16:47:17.000Z,1.0
1374870073995759621,2260491445,2021-05-25T16:46:23.000Z,1.0
1283265973957599232,2260491445,2021-05-25T16:45:56.000Z,1.0
2767790843,2260491445,2021-05-25T16:42:38.000Z,1.0
2926188295,2260491445,2021-05-25T16:11:43.000Z,1.0
1363198271804633103,439529377,2021-05-25T16:05:43.000Z,1.0
1363198271804633103,944878418038022145,2021-05-25T16:04:53.000Z,1.0
1349366202817073152,1382971717207744512,2021-05-25T16:04:13.000Z,1.0
1382971717207744512,2260491445,2021-05-25T16:00:11.000Z,1.0
1367223243325734912,2260491445,2021-05-25T15:55:48.000Z,1.0
1388320046175297539,2260491445,2021-05-25T15:49:35.000Z,1.0
984634995582136321,2260491445,2021-05-25T15:44:41.000Z,1.0
944878418038022145,1363198271804633103,2021-05-25T15:39:34.000Z,1.0
944878418038022145,2260491445,2021-05-25T15:38:56.000Z,1.0
1357465553489850368,2260491445,2021-05-25T15:31:08.000Z,1.0
439529377,1363198271804633103,2021-05-25T15:19:56.000Z,1.0
264821828,2260491445,2021-05-25T15:19:19.000Z,1.0
1359323748457873413,2260491445,2021-05-25T15:14:48.000Z,1.0
2478973628,2260491445,2021-05-25T15:13:54.000Z,1.0
1349366202817073152,2260491445,2021-05-25T14:55:55.000Z,1.0
1140623305008975874,2260491445,2021-05-25T14:47:57.000Z,1.0
899265676912852992,2260491445,2021-05-25T14:44:13.000Z,1.0
1363198271804633103,2260491445,2021-05-25T14:44:08.000Z,1.0
1133423419637346304,1347997296429051905,2021-05-25T14:43:37.000Z,1.0
1363198271804633103,1322273845781405697,2021-05-25T14:43:19.000Z,1.0
1359710583189291008,2260491445,2021-05-25T14:42:42.000Z,1.0
1077203401988104192,2260491445,2021-05-25T14:41:51.000Z,1.0
1363198271804633103,1285563437683290122,2021-05-25T14:41:36.000Z,1.0
1133423419637346304,3044764359,2021-05-25T14:41:29.000Z,1.0
1363198271804633103,1363198271804633103,2021-05-25T14:40:32.000Z,1.0
1676951844,2260491445,2021-05-25T14:40:05.000Z,1.0
1363198271804633103,1336592990245171202,2021-05-25T14:40:00.000Z,1.0
1363198271804633103,439529377,2021-05-25T14:37:53.000Z,1.0
1373417027961040897,2260491445,2021-05-25T14:35:26.000Z,1.0
1393591598550851591,1393005107826941955,2021-05-25T14:32:30.000Z,1.0
923355633901957120,2260491445,2021-05-25T14:31:25.000Z,1.0
1353395595097026562,2260491445,2021-05-25T14:29:27.000Z,1.0
1238220670485618690,2260491445,2021-05-25T14:28:02.000Z,1.0
1393005107826941955,3044764359,2021-05-25T14:27:10.000Z,1.0
367466339,2260491445,2021-05-25T14:26:36.000Z,1.0
1393005107826941955,1393591598550851591,2021-05-25T14:26:16.000Z,1.0
439529377,2260491445,2021-05-25T14:26:16.000Z,1.0
769448131280928768,2260491445,2021-05-25T14:25:34.000Z,1.0
1300522928560373768,2260491445,2021-05-25T14:25:21.000Z,1.0
1386000055811805188,2260491445,2021-05-25T13:57:13.000Z,1.0
1385997334685704194,2260491445,2021-05-25T13:54:01.000Z,1.0
1388212467931754496,2260491445,2021-05-25T13:29:12.000Z,1.0
2275759572,2260491445,2021-05-25T13:23:18.000Z,1.0
926010464198213633,2260491445,2021-05-25T13:12:15.000Z,1.0
1351782894067462144,2260491445,2021-05-25T13:04:05.000Z,1.0
1269398636938608647,2260491445,2021-05-25T13:02:34.000Z,1.0
1390004858787405825,2260491445,2021-05-25T12:49:15.000Z,1.0
966374252168536064,2260491445,2021-05-25T12:45:45.000Z,1.0
1389964825355112448,2260491445,2021-05-25T12:34:42.000Z,1.0
1391715667640938497,2260491445,2021-05-25T12:34:19.000Z,1.0
743512945167044608,2260491445,2021-05-25T12:19:56.000Z,1.0
1321912332201742337,2260491445,2021-05-25T12:00:21.000Z,1.0
347570441,2260491445,2021-05-25T11:52:24.000Z,1.0
3663675852,2260491445,2021-05-25T11:50:17.000Z,1.0
1165669183230750721,2260491445,2021-05-25T11:39:54.000Z,1.0
1392235629262553088,1392235389059047424,2021-05-25T11:33:07.000Z,1.0
1382953299565895682,2260491445,2021-05-25T11:32:34.000Z,1.0
1392235389059047424,2260491445,2021-05-25T11:32:15.000Z,1.0
1391472755866996744,2260491445,2021-05-25T11:31:20.000Z,1.0
1377221322573500416,2260491445,2021-05-25T11:00:03.000Z,1.0
2341155661,2260491445,2021-05-28T09:47:16.000Z,1.0
1322284097427877897,2260491445,2021-05-28T08:39:20.000Z,1.0
1190923907978661888,2260491445,2021-05-27T20:27:50.000Z,1.0
1387298796619530240,1387299074936918016,2021-05-26T16:23:41.000Z,1.0
1387299074936918016,2260491445,2021-05-26T16:22:53.000Z,1.0
1393954532200046598,2260491445,2021-05-26T12:14:31.000Z,1.0
1396317582689411074,2260491445,2021-05-26T09:25:38.000Z,1.0
2288043516,2260491445,2021-05-26T06:33:10.000Z,1.0
1397164385764880388,2260491445,2021-05-26T04:26:36.000Z,1.0
1376010136494485506,2260491445,2021-05-26T02:19:39.000Z,1.0
1366051665212825603,2260491445,2021-05-25T23:53:55.000Z,1.0
2275759572,2260491445,2021-05-25T21:20:31.000Z,1.0
31175227,2260491445,2021-05-25T20:33:50.000Z,1.0
1379768514425155584,2260491445,2021-05-25T16:06:59.000Z,1.0
1386007017504968716,2260491445,2021-05-25T15:23:51.000Z,1.0
766271113,2260491445,2021-05-25T13:08:12.000Z,1.0
1396786486268153863,2260491445,2021-05-25T07:49:21.000Z,1.0
1380529898612125700,2260491445,2021-05-25T07:32:03.000Z,1.0
1380815906297634817,2260491445,2021-05-25T07:08:12.000Z,1.0
1386508468169822209,1386508350477774850,2021-05-25T06:12:59.000Z,1.0
1388336893792825351,2260491445,2021-05-25T06:12:03.000Z,1.0
1395749959152979971,2260491445,2021-05-25T04:36:58.000Z,1.0
1264594485268361218,2260491445,2021-05-25T01:46:31.000Z,1.0
108871464,1085631813098356739,2021-05-24T21:41:39.000Z,1.0
1398973413998305286,2260491445,2021-05-31T14:07:29.000Z,1.0
939861062362456064,2260491445,2021-05-29T16:58:30.000Z,1.0
1396488202530156546,2260491445,2021-05-29T09:28:32.000Z,1.0
1390295758096699398,2260491445,2021-05-28T11:29:15.000Z,1.0
13988212,2260491445,2021-05-28T05:13:15.000Z,1.0
1397506130180407302,2260491445,2021-05-27T10:58:13.000Z,1.0
1378711983579668483,2260491445,2021-05-27T08:16:32.000Z,1.0
796252873860452353,2260491445,2021-05-26T23:16:21.000Z,1.0
1378405619917545485,2260491445,2021-05-26T20:50:41.000Z,1.0
1371847329574174720,2260491445,2021-05-26T20:49:41.000Z,1.0
1389640270405275649,2260491445,2021-05-26T19:33:04.000Z,1.0
1335349669795344384,2260491445,2021-05-26T16:42:09.000Z,1.0
1379908892801523712,2260491445,2021-05-26T09:14:40.000Z,1.0
311876879,2260491445,2021-05-26T05:16:09.000Z,1.0
1358786300439113729,2260491445,2021-05-26T02:58:47.000Z,1.0
1371051459261964290,2260491445,2021-05-25T23:17:00.000Z,1.0
1366094769148092432,2260491445,2021-05-25T17:54:52.000Z,1.0
1396184555476770816,2260491445,2021-05-25T16:58:15.000Z,1.0
1379629560824623105,2260491445,2021-05-25T14:31:26.000Z,1.0
1379629560824623105,2260491445,2021-05-25T14:31:03.000Z,1.0
1379317191158362112,2260491445,2021-05-25T13:11:14.000Z,1.0
1314862875761160195,2260491445,2021-05-25T13:09:36.000Z,1.0
1269398636938608647,1269398636938608647,2021-05-25T13:01:28.000Z,1.0
1393856021198741504,2260491445,2021-05-25T12:32:43.000Z,1.0
1393856021198741504,2260491445,2021-05-25T12:28:43.000Z,1.0
1396349954063486977,2260491445,2021-05-25T11:02:39.000Z,1.0
1381897952315256833,1396875002029371393,2021-05-25T10:18:10.000Z,1.0
1316933761427148801,2260491445,2021-05-25T09:41:52.000Z,1.0
1285563437683290122,2260491445,2021-05-25T09:34:34.000Z,1.0
1384182364100694017,2260491445,2021-05-25T08:46:47.000Z,1.0
1378308078525837316,2260491445,2021-05-25T08:44:05.000Z,1.0
68652138,2260491445,2021-05-25T08:17:47.000Z,1.0
1286187746768216064,2260491445,2021-05-25T08:17:12.000Z,1.0
1263472960591015941,2260491445,2021-05-25T07:47:50.000Z,1.0
1386508468169822209,1386508350477774850,2021-05-25T06:38:42.000Z,1.0
1388336893792825351,2260491445,2021-05-25T06:27:46.000Z,1.0
1377472010620571650,2260491445,2021-05-25T06:18:06.000Z,1.0
2685196520,2260491445,2021-05-25T06:11:59.000Z,1.0
193623138,2260491445,2021-05-25T05:21:59.000Z,1.0
1376010136494485506,2260491445,2021-05-25T04:43:41.000Z,1.0
1385846892467310592,2260491445,2021-05-25T04:31:58.000Z,1.0
1377161969531117568,2260491445,2021-05-25T03:47:49.000Z,1.0
1328403884226867201,938551407036305414,2021-05-24T22:45:10.000Z,1.0
1391920465287933952,2260491445,2021-05-24T22:12:16.000Z,1.0
1362705506410856448,2260491445,2021-05-24T21:48:56.000Z,1.0
938551407036305414,1328403884226867201,2021-05-24T21:48:39.000Z,1.0
843324007,3367334171,2021-05-31T21:37:01.000Z,1.0
1399170154785693696,3367334171,2021-05-31T20:56:59.000Z,1.0
1390673090863058970,1389281833460944897,2021-05-31T20:51:40.000Z,1.0
1390673090863058970,1391440999130570757,2021-05-31T20:51:28.000Z,1.0
1390673090863058970,1399290200602275846,2021-05-31T20:51:15.000Z,1.0
1390673090863058970,978560824326332416,2021-05-31T20:51:03.000Z,1.0
1390673090863058970,1351144270829391880,2021-05-31T20:50:48.000Z,1.0
1390673090863058970,1360111192719564801,2021-05-31T20:50:34.000Z,1.0
1390673090863058970,100044829,2021-05-31T20:50:21.000Z,1.0
1390673090863058970,1255597263591804929,2021-05-31T20:50:09.000Z,1.0
1390673090863058970,3033687850,2021-05-31T20:49:44.000Z,1.0
1390673090863058970,1391770431338713088,2021-05-31T20:49:33.000Z,1.0
1397849844354519041,1397851932325289985,2021-05-31T20:26:27.000Z,1.0
1397851932325289985,3367334171,2021-05-31T20:25:50.000Z,1.0
1397851932325289985,1397852134511628289,2021-05-31T20:24:42.000Z,1.0
1397852134511628289,3367334171,2021-05-31T20:23:53.000Z,1.0
1397852134511628289,1392235629262553088,2021-05-31T20:23:17.000Z,1.0
1392235629262553088,3367334171,2021-05-31T20:22:35.000Z,1.0
1333788206,3367334171,2021-05-31T20:03:26.000Z,1.0
1397852134511628289,1392235629262553088,2021-05-31T19:47:21.000Z,1.0
1392235629262553088,3367334171,2021-05-31T19:46:49.000Z,1.0
978560824326332416,3367334171,2021-05-31T19:18:37.000Z,1.0
1394688765399011331,3367334171,2021-05-31T19:06:45.000Z,1.0
1395695165222883339,3367334171,2021-05-31T18:55:46.000Z,1.0
1376166341569355782,3367334171,2021-05-31T18:46:19.000Z,1.0
1300656074027016197,3367334171,2021-05-31T18:41:10.000Z,1.0
1391770431338713088,3367334171,2021-05-31T18:12:52.000Z,1.0
1364152976328155140,3367334171,2021-05-31T18:12:25.000Z,1.0
1389281833460944897,3367334171,2021-05-31T18:05:31.000Z,1.0
1398440032264937474,3367334171,2021-05-31T18:04:01.000Z,1.0
3310785812,3367334171,2021-05-31T17:46:30.000Z,1.0
1168242912263626754,3367334171,2021-05-31T17:06:23.000Z,1.0
939713257979482112,3367334171,2021-05-31T16:56:03.000Z,1.0
1395811194422890499,3367334171,2021-05-31T16:48:19.000Z,1.0
1398248881377398784,3367334171,2021-05-31T16:45:02.000Z,1.0
507083169,3367334171,2021-05-31T16:42:10.000Z,1.0
1399290200602275846,3367334171,2021-05-31T16:37:06.000Z,1.0
1397188020382674951,3367334171,2021-05-31T16:27:53.000Z,1.0
1399399687707299845,3367334171,2021-05-31T16:18:57.000Z,1.0
100044829,3367334171,2021-05-31T16:17:50.000Z,1.0
894748608112738304,3367334171,2021-05-31T16:15:32.000Z,1.0
1399123000289632259,3367334171,2021-05-31T16:07:59.000Z,1.0
1362438111532363777,3367334171,2021-05-31T16:07:52.000Z,1.0
1343082024,3367334171,2021-05-31T16:07:19.000Z,1.0
1399347853382799362,3367334171,2021-05-31T16:06:25.000Z,1.0
3033687850,3367334171,2021-05-31T15:56:44.000Z,1.0
1300511400100532227,3367334171,2021-05-31T15:56:28.000Z,1.0
1374842804988432387,1013120878262063105,2021-05-31T15:54:29.000Z,1.0
1364566066773557249,3367334171,2021-05-31T15:50:16.000Z,1.0
1360111192719564801,3367334171,2021-05-31T15:49:16.000Z,1.0
1397963617614458880,3367334171,2021-05-31T15:49:11.000Z,1.0
1396877760405000195,1354029635307266049,2021-05-31T15:46:47.000Z,1.0
1255597263591804929,230723752,2021-05-31T15:45:43.000Z,1.0
1354029635307266049,1396877760405000195,2021-05-31T15:45:18.000Z,1.0
1396877760405000195,3367334171,2021-05-31T15:43:46.000Z,1.0
230723752,3367334171,2021-05-31T15:43:23.000Z,1.0
1388389421117026305,3367334171,2021-05-31T15:43:05.000Z,1.0
1395684455411453954,3367334171,2021-05-31T15:39:21.000Z,1.0
1287277142678667265,3367334171,2021-05-31T15:39:17.000Z,1.0
1397814091243130881,3367334171,2021-05-31T15:39:11.000Z,1.0
1013120878262063105,3367334171,2021-05-31T15:38:59.000Z,1.0
1187592360215089152,3367334171,2021-05-31T15:37:46.000Z,1.0
1391440999130570757,3367334171,2021-05-31T15:37:28.000Z,1.0
1351144270829391880,3367334171,2021-05-31T15:36:06.000Z,1.0
1215404799673405440,3367334171,2021-05-31T15:34:34.000Z,1.0
1337369573612515329,3367334171,2021-05-31T15:34:13.000Z,1.0
1374373666062966793,3367334171,2021-05-31T15:34:08.000Z,1.0
1393885605709287424,3367334171,2021-05-31T15:33:55.000Z,1.0
1283736645100085249,3367334171,2021-05-31T15:33:30.000Z,1.0
1052253331291340800,3367334171,2021-05-31T15:33:27.000Z,1.0
1011996866962223104,3367334171,2021-05-31T15:32:54.000Z,1.0
1378962530282962945,3367334171,2021-05-31T15:32:46.000Z,1.0
1363028016381706240,3367334171,2021-05-31T12:28:22.000Z,1.0
1398411531633758208,3367334171,2021-05-30T23:22:40.000Z,1.0
1397962303480414210,3367334171,2021-05-30T21:26:03.000Z,1.0
1386102347412221953,3367334171,2021-05-30T20:56:15.000Z,1.0
1121195522830868480,3367334171,2021-05-30T20:51:15.000Z,1.0
1693881114,3367334171,2021-05-30T19:22:28.000Z,1.0
64674438,3367334171,2021-05-30T19:17:00.000Z,1.0
1362037617102102528,3367334171,2021-05-30T18:46:26.000Z,1.0
1234516053704740864,3367334171,2021-05-30T17:56:56.000Z,1.0
1169758838737838081,3367334171,2021-05-30T17:19:16.000Z,1.0
2328526588,3367334171,2021-05-30T16:27:55.000Z,1.0
1397105928743178247,3367334171,2021-05-30T16:24:23.000Z,1.0
781980948271357952,3367334171,2021-05-30T15:47:41.000Z,1.0
1387297790854721542,1387299190984773641,2021-05-30T15:43:10.000Z,1.0
1387299190984773641,3367334171,2021-05-30T15:42:02.000Z,1.0
1360421892260249600,3367334171,2021-05-30T15:21:07.000Z,1.0
1381965251667664897,1255015301680226304,2021-05-30T14:32:07.000Z,1.0
1397784983985483776,3367334171,2021-05-30T14:25:47.000Z,1.0
1255015301680226304,1381965251667664897,2021-05-30T14:14:28.000Z,1.0
1381965251667664897,1255015301680226304,2021-05-30T14:11:44.000Z,1.0
1390631578573832192,3367334171,2021-05-30T14:05:37.000Z,1.0
1255015301680226304,1381965251667664897,2021-05-30T14:04:21.000Z,1.0
1381965251667664897,1255015301680226304,2021-05-30T13:52:18.000Z,1.0
1255015301680226304,1381965251667664897,2021-05-30T13:49:51.000Z,1.0
1381965251667664897,1255015301680226304,2021-05-30T13:45:33.000Z,1.0
1255015301680226304,1381965251667664897,2021-05-30T13:38:44.000Z,1.0
1381965251667664897,1255015301680226304,2021-05-30T13:31:39.000Z,1.0
1333535608233467905,3367334171,2021-05-30T13:18:51.000Z,1.0
3001061158,3367334171,2021-05-30T12:53:11.000Z,1.0
2441322304,3367334171,2021-05-30T12:51:58.000Z,1.0
1368239151527649280,3367334171,2021-05-30T12:44:54.000Z,1.0
1374925398283186176,3367334171,2021-05-30T12:17:29.000Z,1.0
1395999464691683330,3367334171,2021-05-30T11:53:35.000Z,1.0
1360421892260249600,1394053799241650178,2021-05-30T11:40:49.000Z,1.0
1360421892260249600,1311717591270875136,2021-05-30T11:37:48.000Z,1.0
192306407,3367334171,2021-05-30T11:05:00.000Z,1.0
1383656552473653250,3367334171,2021-05-30T09:39:48.000Z,1.0
1394766046968623108,3367334171,2021-05-30T08:58:53.000Z,1.0
1287277142678667265,3367334171,2021-05-30T08:38:57.000Z,1.0
1364152976328155140,3367334171,2021-05-30T07:56:17.000Z,1.0
2374873051,3367334171,2021-05-30T07:02:06.000Z,1.0
245623256,3367334171,2021-05-30T06:34:11.000Z,1.0
1181935540246966274,3367334171,2021-05-30T06:33:43.000Z,1.0
1388757605003128833,1343294679467495424,2021-05-30T06:21:39.000Z,1.0
1394523850122178560,3367334171,2021-05-30T06:14:36.000Z,1.0
1398402037767938052,3367334171,2021-05-30T06:13:16.000Z,1.0
1390711562500034564,3367334171,2021-05-30T05:32:16.000Z,1.0
96865989,3367334171,2021-05-30T05:27:54.000Z,1.0
1397963617614458880,3367334171,2021-05-30T05:27:09.000Z,1.0
1395811194422890499,3367334171,2021-05-30T05:14:10.000Z,1.0
1255015301680226304,3367334171,2021-05-30T05:09:06.000Z,1.0
1335184327559229440,3367334171,2021-05-30T05:08:59.000Z,1.0
1165669183230750721,3367334171,2021-05-30T05:08:16.000Z,1.0
1377862431368572934,3367334171,2021-05-30T04:30:35.000Z,1.0
1311717591270875136,3367334171,2021-05-30T04:27:47.000Z,1.0
1320622992116846593,1391283317304004613,2021-05-30T04:21:38.000Z,1.0
795069122,3367334171,2021-05-30T04:20:01.000Z,1.0
518746751,3367334171,2021-05-30T04:19:25.000Z,1.0
1394053799241650178,3367334171,2021-05-30T04:16:28.000Z,1.0
1289128504940990464,3367334171,2021-05-30T04:11:08.000Z,1.0
1397963617614458880,3367334171,2021-05-30T04:06:13.000Z,1.0
1323571272404684801,3367334171,2021-05-30T04:06:00.000Z,1.0
1397566885621768193,3367334171,2021-05-30T04:05:19.000Z,1.0
1360214353685938181,3367334171,2021-05-30T04:02:27.000Z,1.0
1391176407313575938,3367334171,2021-05-30T03:59:27.000Z,1.0
1391283317304004613,3367334171,2021-05-30T03:57:17.000Z,1.0
1384320470280024067,1351350817102520322,2021-05-30T03:57:06.000Z,1.0
1346999431191814147,3367334171,2021-05-30T03:55:28.000Z,1.0
1351350817102520322,1384320470280024067,2021-05-30T03:52:04.000Z,1.0
1384320470280024067,1351350817102520322,2021-05-30T03:44:41.000Z,1.0
1398845751048945664,3367334171,2021-05-30T03:44:02.000Z,1.0
1238607113234141184,3367334171,2021-05-30T03:43:37.000Z,1.0
1260782062094757890,3367334171,2021-05-30T03:40:50.000Z,1.0
1351350817102520322,3367334171,2021-05-30T03:38:10.000Z,1.0
1310309042032578560,3367334171,2021-05-30T03:35:45.000Z,1.0
1343294679467495424,3367334171,2021-05-30T03:34:42.000Z,1.0
851036953726390273,3367334171,2021-05-30T03:33:50.000Z,1.0
80007018,3367334171,2021-05-30T03:32:49.000Z,1.0
1321079010139480065,3367334171,2021-05-30T03:32:23.000Z,1.0
1382828885583171585,3367334171,2021-05-30T03:32:15.000Z,1.0
1357941806952976385,3367334171,2021-05-30T03:32:04.000Z,1.0
2945004838,3367334171,2021-05-30T03:31:34.000Z,1.0
1378962530282962945,3367334171,2021-05-30T03:31:17.000Z,1.0
1398424077442879489,3367334171,2021-05-30T03:31:14.000Z,1.0
1398424077442879489,3367334171,2021-05-30T03:31:14.000Z,1.0
1287277142678667265,3367334171,2021-05-31T11:04:13.000Z,1.0
1396850435974176771,1382086786533322755,2021-05-31T10:30:37.000Z,1.0
1396850435974176771,282735509,2021-05-31T10:30:11.000Z,1.0
1396850435974176771,2848364473,2021-05-31T10:29:20.000Z,1.0
1396850435974176771,884103179448745984,2021-05-31T10:28:52.000Z,1.0
1396850435974176771,1396821994159710208,2021-05-31T10:28:36.000Z,1.0
1399285393237938176,3367334171,2021-05-31T10:02:41.000Z,1.0
1397717362565070848,385109675,2021-05-31T09:41:25.000Z,1.0
1397717362565070848,1386444479373234178,2021-05-31T09:40:34.000Z,1.0
1397717362565070848,1390626232727785473,2021-05-31T09:39:25.000Z,1.0
1397717362565070848,2972724281,2021-05-31T09:38:40.000Z,1.0
1397717362565070848,783868218288898048,2021-05-31T09:38:05.000Z,1.0
1382319059857854467,3367334171,2021-05-31T08:40:18.000Z,1.0
1206407688307040256,3367334171,2021-05-31T08:13:38.000Z,1.0
1334368938201931776,3367334171,2021-05-31T03:00:41.000Z,1.0
1372048358034960384,3367334171,2021-05-31T01:42:40.000Z,1.0
1372048358034960384,1389222647863685129,2021-05-31T01:42:03.000Z,1.0
1372048358034960384,783868218288898048,2021-05-31T01:41:52.000Z,1.0
1372048358034960384,3367334171,2021-05-31T01:40:13.000Z,1.0
1372048358034960384,3367334171,2021-05-31T01:39:52.000Z,1.0
1285543630212481024,3367334171,2021-05-31T01:07:11.000Z,1.0
1398683403243950088,3367334171,2021-05-31T01:05:03.000Z,1.0
1210443984717238277,3367334171,2021-05-31T00:54:38.000Z,1.0
1380973509862699011,3367334171,2021-05-31T00:35:31.000Z,1.0
1266866215873634304,3367334171,2021-05-31T00:19:26.000Z,1.0
3310785812,3367334171,2021-05-30T23:59:02.000Z,1.0
251591029,3367334171,2021-05-30T23:57:01.000Z,1.0
1386444479373234178,3367334171,2021-05-30T23:46:18.000Z,1.0
1398411531633758208,3367334171,2021-05-30T23:14:37.000Z,1.0
1358416584390287360,3367334171,2021-05-30T22:55:10.000Z,1.0
1390626232727785473,3367334171,2021-05-30T22:36:46.000Z,1.0
3001061158,3367334171,2021-05-30T22:06:48.000Z,1.0
1397962303480414210,3367334171,2021-05-30T21:28:52.000Z,1.0
1103040545247686656,3367334171,2021-05-30T21:20:26.000Z,1.0
1144778632835096578,3367334171,2021-05-30T20:38:46.000Z,1.0
282735509,3367334171,2021-05-30T20:17:50.000Z,1.0
56486753,3367334171,2021-05-30T20:08:37.000Z,1.0
2275759572,3367334171,2021-05-30T19:27:59.000Z,1.0
1375190371286855687,3367334171,2021-05-30T19:17:35.000Z,1.0
1357129347535040514,3367334171,2021-05-30T18:50:26.000Z,1.0
25935223,3367334171,2021-05-30T18:34:44.000Z,1.0
1345747539799257089,3367334171,2021-05-30T18:34:39.000Z,1.0
1382086786533322755,3367334171,2021-05-30T18:25:08.000Z,1.0
1396484026567995395,3367334171,2021-05-30T18:23:26.000Z,1.0
1230005574877581313,3367334171,2021-05-30T18:21:40.000Z,1.0
4546953856,3367334171,2021-05-30T18:09:27.000Z,1.0
1165669183230750721,3367334171,2021-05-30T18:02:07.000Z,1.0
1062491225528385536,3367334171,2021-05-30T18:01:01.000Z,1.0
1396881839244070919,3367334171,2021-05-30T17:54:46.000Z,1.0
381584145,3367334171,2021-05-30T17:49:55.000Z,1.0
1397937170376060933,3367334171,2021-05-30T17:48:14.000Z,1.0
2359407282,3367334171,2021-05-30T17:48:01.000Z,1.0
1218894355538333696,3367334171,2021-05-30T17:41:05.000Z,1.0
1394202746727936000,3367334171,2021-05-30T17:39:43.000Z,1.0
1323571272404684801,3367334171,2021-05-30T17:35:56.000Z,1.0
1367374542855888898,3367334171,2021-05-30T17:33:56.000Z,1.0
1397640620492181510,3367334171,2021-05-30T17:20:42.000Z,1.0
1169758838737838081,3367334171,2021-05-30T17:19:34.000Z,1.0
1390569208585412610,1390569208585412610,2021-05-30T17:18:18.000Z,1.0
1390569208585412610,3367334171,2021-05-30T17:16:03.000Z,1.0
923349633367265280,1061970343286444032,2021-05-30T17:10:34.000Z,1.0
1180103006928420864,3367334171,2021-05-30T17:09:33.000Z,1.0
884103179448745984,3367334171,2021-05-30T17:07:47.000Z,1.0
1389222647863685129,3367334171,2021-05-30T17:05:13.000Z,1.0
1398667394931826691,3367334171,2021-05-30T17:04:47.000Z,1.0
2414157552,3367334171,2021-05-30T17:00:42.000Z,1.0
554408453,3367334171,2021-05-30T16:58:16.000Z,1.0
385109675,385109675,2021-05-30T16:58:01.000Z,1.0
1061970343286444032,3367334171,2021-05-30T16:50:29.000Z,1.0
1397188020382674951,3367334171,2021-05-30T16:47:50.000Z,1.0
1085332959144697858,3367334171,2021-05-30T16:46:13.000Z,1.0
1135217302381744129,3367334171,2021-05-30T16:43:47.000Z,1.0
1396821994159710208,3367334171,2021-05-30T16:41:43.000Z,1.0
1356972097965334529,3367334171,2021-05-30T16:40:48.000Z,1.0
754613907059269632,3367334171,2021-05-30T16:39:32.000Z,1.0
1266983350272589824,3367334171,2021-05-30T16:36:55.000Z,1.0
257839200,3367334171,2021-05-30T16:35:01.000Z,1.0
2848364473,3367334171,2021-05-30T16:34:59.000Z,1.0
2972724281,3367334171,2021-05-30T16:33:36.000Z,1.0
725741648043466753,3367334171,2021-05-30T16:33:28.000Z,1.0
1302378536418840577,3367334171,2021-05-30T16:31:29.000Z,1.0
1397169195914338304,3367334171,2021-05-30T16:24:51.000Z,1.0
369529482,3367334171,2021-05-30T16:24:46.000Z,1.0
1354253125117468680,3367334171,2021-05-30T16:24:33.000Z,1.0
1394557120268414978,3367334171,2021-05-30T16:24:09.000Z,1.0
1392098366952198146,3367334171,2021-05-30T16:22:46.000Z,1.0
545287968,3367334171,2021-05-30T16:22:44.000Z,1.0
1385837694903853063,782366534505078784,2021-05-30T16:22:32.000Z,1.0
2328526588,3367334171,2021-05-30T16:22:01.000Z,1.0
782366534505078784,3367334171,2021-05-30T16:20:50.000Z,1.0
1146756379312578561,3367334171,2021-05-30T16:17:59.000Z,1.0
226600649,3367334171,2021-05-30T16:17:43.000Z,1.0
1389995343136235524,3367334171,2021-05-30T16:15:52.000Z,1.0
1393885605709287424,3367334171,2021-05-30T16:13:54.000Z,1.0
1398598194284482562,3367334171,2021-05-30T16:13:51.000Z,1.0
783868218288898048,3367334171,2021-05-30T16:13:49.000Z,1.0
1011941971307450369,518746751,2021-05-30T16:13:46.000Z,1.0
385109675,3367334171,2021-05-30T16:13:40.000Z,1.0
1254332683712372736,1369705933891321864,2021-05-30T16:13:25.000Z,1.0
1254332683712372736,1369349573844602896,2021-05-30T16:13:16.000Z,1.0
751663988,3367334171,2021-05-30T22:08:49.000Z,1.0
1362602791101861888,3367334171,2021-05-30T17:10:48.000Z,1.0
107220921,3367334171,2021-05-30T16:04:27.000Z,1.0
564020814,3367334171,2021-05-30T14:14:34.000Z,1.0
1357296893651341312,3367334171,2021-05-30T14:12:55.000Z,1.0
1396484026567995395,3367334171,2021-05-30T13:59:50.000Z,1.0
3310785812,3367334171,2021-05-30T11:37:04.000Z,1.0
1341782648071569411,397053857,2021-05-30T10:22:14.000Z,1.0
1122185750756257792,3367334171,2021-05-30T08:26:06.000Z,1.0
1364152976328155140,3367334171,2021-05-30T08:00:00.000Z,1.0
1390196244899897346,3367334171,2021-05-30T07:11:48.000Z,1.0
1395811194422890499,3367334171,2021-05-30T05:14:28.000Z,1.0
1165669183230750721,3367334171,2021-05-30T05:11:33.000Z,1.0
874907548658356225,3367334171,2021-05-30T04:42:49.000Z,1.0
1398411531633758208,3367334171,2021-05-30T02:44:25.000Z,1.0
1396650560166760450,3367334171,2021-05-30T02:11:53.000Z,1.0
1384046862177423365,3367334171,2021-05-30T02:00:48.000Z,1.0
1279933254385070080,3367334171,2021-05-30T01:38:45.000Z,1.0
397053857,810459172516950016,2021-05-30T01:19:52.000Z,1.0
1379614396855382017,3367334171,2021-05-30T01:16:43.000Z,1.0
397053857,3367334171,2021-05-30T01:13:58.000Z,1.0
1350448152831172609,3367334171,2021-05-30T01:10:12.000Z,1.0
1073731988564123648,3367334171,2021-05-30T01:05:49.000Z,1.0
1397963617614458880,3367334171,2021-05-30T00:46:36.000Z,1.0
1393885605709287424,3367334171,2021-05-30T00:38:23.000Z,1.0
2748184609,3367334171,2021-05-30T00:29:32.000Z,1.0
1340249587379036160,3367334171,2021-05-30T00:03:05.000Z,1.0
2914325344,3367334171,2021-05-30T00:01:59.000Z,1.0
53954402,3367334171,2021-05-30T00:01:29.000Z,1.0
1350307639624822786,3367334171,2021-05-30T00:01:19.000Z,1.0
1383767118584242181,3367334171,2021-05-29T23:54:00.000Z,1.0
201577906,3367334171,2021-05-29T23:52:09.000Z,1.0
810459172516950016,3367334171,2021-05-29T23:51:51.000Z,1.0
1378962530282962945,3367334171,2021-05-29T23:47:26.000Z,1.0
1287931611892158465,3367334171,2021-05-29T23:47:14.000Z,1.0
1370901570058080259,3367334171,2021-05-29T23:46:44.000Z,1.0
470546091,3367334171,2021-05-29T23:44:46.000Z,1.0
1397716307844476931,3367334171,2021-05-29T23:43:53.000Z,1.0
1360039301765992448,1052253331291340800,2021-05-29T23:43:50.000Z,1.0
1355017771055104005,3367334171,2021-05-29T23:42:36.000Z,1.0
1389365386697609216,3367334171,2021-05-29T23:42:21.000Z,1.0
2392769390,3367334171,2021-05-29T23:41:48.000Z,1.0
1916051900,3367334171,2021-05-29T23:40:59.000Z,1.0
1355017771055104005,3367334171,2021-05-29T23:40:21.000Z,1.0
1365386567355822080,3367334171,2021-05-29T23:39:34.000Z,1.0
1132578856806653952,3367334171,2021-05-29T23:39:32.000Z,1.0
1360992994111885314,3367334171,2021-05-29T23:38:12.000Z,1.0
1339426736665219072,3367334171,2021-05-29T23:37:47.000Z,1.0
257732871,3367334171,2021-05-29T23:37:38.000Z,1.0
1130158936907239424,3367334171,2021-05-29T23:37:16.000Z,1.0
950741566934560769,3367334171,2021-05-29T23:35:43.000Z,1.0
1389479224373915648,3367334171,2021-05-29T23:35:36.000Z,1.0
1340929056565542912,3367334171,2021-05-29T23:35:10.000Z,1.0
1287277142678667265,3367334171,2021-05-29T23:35:04.000Z,1.0
25942581,3367334171,2021-05-29T23:35:04.000Z,1.0
1052253331291340800,3367334171,2021-05-29T23:34:56.000Z,1.0
1233954380270985218,3367334171,2021-05-29T23:33:58.000Z,1.0
1334368938201931776,1395591553876258818,2021-05-31T02:58:05.000Z,1.0
1395591553876258818,1334368938201931776,2021-05-31T02:01:12.000Z,1.0
1334368938201931776,1395591553876258818,2021-05-31T01:53:06.000Z,1.0
1389551534053236737,1395591553876258818,2021-05-31T00:09:00.000Z,1.0
1395591553876258818,1389551534053236737,2021-05-30T23:40:37.000Z,1.0
1389551534053236737,1395591553876258818,2021-05-30T21:37:18.000Z,1.0
1373539359798947841,804921461160849408,2021-05-30T13:39:41.000Z,1.0
804921461160849408,1373539359798947841,2021-05-30T13:34:32.000Z,1.0
4831347854,3367334171,2021-05-30T12:59:14.000Z,1.0
1370901570058080259,3367334171,2021-05-30T11:33:31.000Z,1.0
1126590182,3367334171,2021-05-30T08:54:56.000Z,1.0
2777316169,3367334171,2021-05-30T08:39:40.000Z,1.0
1287277142678667265,3367334171,2021-05-30T08:39:10.000Z,1.0
1371914014045974532,3367334171,2021-05-30T08:17:20.000Z,1.0
1398910256378527745,3367334171,2021-05-30T08:09:53.000Z,1.0
1334368938201931776,1395591553876258818,2021-05-30T08:00:07.000Z,1.0
1364152976328155140,3367334171,2021-05-30T07:58:34.000Z,1.0
847857097689759746,3367334171,2021-05-30T07:30:21.000Z,1.0
3075605495,3367334171,2021-05-30T06:35:57.000Z,1.0
1397832487540342785,3367334171,2021-05-30T06:01:57.000Z,1.0
1395591553876258818,3367334171,2021-05-30T05:58:19.000Z,1.0
1356972097965334529,3367334171,2021-05-30T05:54:52.000Z,1.0
1395346471369678848,3367334171,2021-05-30T05:47:43.000Z,1.0
1385471081033707520,3367334171,2021-05-30T05:34:15.000Z,1.0
1390711562500034564,3367334171,2021-05-30T05:32:38.000Z,1.0
1395811194422890499,3367334171,2021-05-30T05:14:19.000Z,1.0
1165669183230750721,3367334171,2021-05-30T05:10:44.000Z,1.0
1336131378648322048,3367334171,2021-05-30T04:22:05.000Z,1.0
1397399766791688193,3367334171,2021-05-30T04:16:38.000Z,1.0
1168172438909120513,3367334171,2021-05-30T03:45:27.000Z,1.0
999292382406463488,3367334171,2021-05-30T03:30:08.000Z,1.0
29813719,3367334171,2021-05-30T03:27:57.000Z,1.0
1322805889,3367334171,2021-05-30T03:20:14.000Z,1.0
1398411531633758208,3367334171,2021-05-30T02:44:17.000Z,1.0
1360214353685938181,3367334171,2021-05-30T02:35:19.000Z,1.0
1322932223020920837,3367334171,2021-05-30T02:33:56.000Z,1.0
436314136,3367334171,2021-05-30T02:32:08.000Z,1.0
1322932223020920837,3367334171,2021-05-30T02:26:27.000Z,1.0
1388595641069178883,3378507389,2021-05-30T02:15:30.000Z,1.0
1346900597635690500,3367334171,2021-05-30T02:15:18.000Z,1.0
1397963617614458880,3367334171,2021-05-30T02:14:57.000Z,1.0
1300450168370651136,3367334171,2021-05-30T02:13:21.000Z,1.0
1396650560166760450,3367334171,2021-05-30T02:05:59.000Z,1.0
1393885605709287424,3367334171,2021-05-30T02:04:08.000Z,1.0
257839200,3367334171,2021-05-30T02:02:02.000Z,1.0
1101643358244605953,3367334171,2021-05-30T02:01:46.000Z,1.0
1227670558218838017,1334327439313559552,2021-05-30T02:01:00.000Z,1.0
1396692608869715971,3367334171,2021-05-30T01:58:16.000Z,1.0
1398639464008732676,3367334171,2021-05-30T01:55:25.000Z,1.0
1327075605699907584,3367334171,2021-05-30T01:52:43.000Z,1.0
1146756379312578561,3367334171,2021-05-30T01:50:56.000Z,1.0
1385126791153520641,3367334171,2021-05-30T01:50:39.000Z,1.0
1289128504940990464,3367334171,2021-05-30T01:48:59.000Z,1.0
1385126791153520641,3367334171,2021-05-30T01:47:55.000Z,1.0
397053857,3367334171,2021-05-30T01:45:20.000Z,1.0
1334327439313559552,1369292480806608903,2021-05-30T01:44:16.000Z,1.0
1373539359798947841,3367334171,2021-05-30T01:42:59.000Z,1.0
1369292480806608903,1334327439313559552,2021-05-30T01:42:49.000Z,1.0
1377178602127511559,3367334171,2021-05-30T01:42:40.000Z,1.0
3378507389,193990081,2021-05-30T01:42:27.000Z,1.0
874141040852303875,3367334171,2021-05-30T01:42:11.000Z,1.0
3378507389,193990081,2021-05-30T01:41:53.000Z,1.0
1369292480806608903,3367334171,2021-05-30T01:40:43.000Z,1.0
743961500830797829,3367334171,2021-05-30T01:40:38.000Z,1.0
1279933254385070080,3367334171,2021-05-30T01:39:47.000Z,1.0
1398020806404419587,3367334171,2021-05-30T01:39:43.000Z,1.0
238106164,3367334171,2021-05-30T01:38:56.000Z,1.0
1334327439313559552,3367334171,2021-05-30T01:38:28.000Z,1.0
75831293,3367334171,2021-05-30T01:37:23.000Z,1.0
1351541791,3367334171,2021-05-30T01:37:08.000Z,1.0
1391091893476282370,3367334171,2021-05-30T01:36:39.000Z,1.0
64452771,3367334171,2021-05-30T01:36:15.000Z,1.0
1115767607490039808,3367334171,2021-05-30T01:35:37.000Z,1.0
27193439,3367334171,2021-05-30T01:35:36.000Z,1.0
1235057079913766915,3367334171,2021-05-30T01:34:07.000Z,1.0
2747314127,3367334171,2021-05-30T01:33:45.000Z,1.0
1395584230105747460,3367334171,2021-05-30T01:33:27.000Z,1.0
193990081,3367334171,2021-05-30T01:33:22.000Z,1.0
1357941806952976385,3367334171,2021-05-30T01:32:52.000Z,1.0
1378962530282962945,3367334171,2021-05-30T01:32:49.000Z,1.0
1358485720449638404,1236280757481549824,2021-05-31T01:12:53.000Z,1.0
1236280757481549824,1358485720449638404,2021-05-31T01:07:30.000Z,1.0
1358485720449638404,1236280757481549824,2021-05-31T01:07:19.000Z,1.0
1358485720449638404,1236280757481549824,2021-05-31T01:01:45.000Z,1.0
1236280757481549824,1358485720449638404,2021-05-31T00:37:46.000Z,1.0
1398411531633758208,3367334171,2021-05-30T23:23:56.000Z,1.0
1358485720449638404,1292815969132240896,2021-05-30T19:21:04.000Z,1.0
1360446457099280386,1360446457099280386,2021-05-30T18:53:15.000Z,1.0
263869083,3367334171,2021-05-30T16:04:48.000Z,1.0
1287277142678667265,3367334171,2021-05-30T08:39:17.000Z,1.0
1292815969132240896,3367334171,2021-05-30T08:27:28.000Z,1.0
1364152976328155140,3367334171,2021-05-30T07:59:07.000Z,1.0
1390196244899897346,3367334171,2021-05-30T07:12:54.000Z,1.0
1390711562500034564,3367334171,2021-05-30T05:32:44.000Z,1.0
1395811194422890499,3367334171,2021-05-30T05:14:24.000Z,1.0
1165669183230750721,3367334171,2021-05-30T05:11:10.000Z,1.0
1360446457099280386,3367334171,2021-05-30T05:08:23.000Z,1.0
2275759572,3367334171,2021-05-30T05:00:15.000Z,1.0
2620724768,3367334171,2021-05-30T04:11:09.000Z,1.0
29813719,3367334171,2021-05-30T03:28:08.000Z,1.0
1398411531633758208,3367334171,2021-05-30T02:44:54.000Z,1.0
943692855528312833,3367334171,2021-05-30T02:18:33.000Z,1.0
1396650560166760450,3367334171,2021-05-30T02:10:27.000Z,1.0
1375139722780155905,459805846,2021-05-30T02:06:46.000Z,1.0
1172926642269736960,3367334171,2021-05-30T01:00:13.000Z,1.0
973558634096467973,3367334171,2021-05-30T00:57:41.000Z,1.0
1370901570058080259,3367334171,2021-05-30T00:54:03.000Z,1.0
1397963617614458880,3367334171,2021-05-30T00:45:51.000Z,1.0
459805846,3367334171,2021-05-30T00:39:54.000Z,1.0
698613804565803008,3367334171,2021-05-30T00:38:10.000Z,1.0
2914325344,3367334171,2021-05-30T00:33:27.000Z,1.0
1395816499097612295,3367334171,2021-05-30T00:32:47.000Z,1.0
1335184327559229440,3367334171,2021-05-30T00:32:27.000Z,1.0
1381593295739092993,3367334171,2021-05-28T14:07:43.000Z,1.0
357603259,1269093317272354819,2021-05-28T03:42:41.000Z,1.0
1381597212610805766,3367334171,2021-05-26T13:37:11.000Z,1.0
1323723715549536262,3367334171,2021-05-25T22:05:12.000Z,1.0
1363993213363699721,3367334171,2021-05-25T21:20:47.000Z,1.0
40436063,3367334171,2021-05-25T06:36:58.000Z,1.0
3013169839,3367334171,2021-05-25T01:25:09.000Z,1.0
1363022443703599105,3367334171,2021-05-26T10:25:44.000Z,1.0
1367369006659874816,3367334171,2021-05-26T01:06:22.000Z,1.0
3639686722,3367334171,2021-05-25T19:01:49.000Z,1.0
2341856974,3367334171,2021-05-25T18:49:49.000Z,1.0
1366759953558552580,3367334171,2021-05-25T18:49:30.000Z,1.0
1378418008033492998,3367334171,2021-05-25T18:21:50.000Z,1.0
1134794933502644224,3367334171,2021-05-25T16:59:15.000Z,1.0
1232794885230616576,3367334171,2021-05-25T15:51:38.000Z,1.0
1387069657908142088,3367334171,2021-05-25T15:46:22.000Z,1.0
873946331286564868,3367334171,2021-05-25T08:46:56.000Z,1.0
1396088203455733764,3367334171,2021-05-25T08:36:42.000Z,1.0
3156707996,3367334171,2021-05-25T08:12:38.000Z,1.0
1382751033919737862,3367334171,2021-05-25T07:51:01.000Z,1.0
1359058962432286721,3367334171,2021-05-25T07:37:52.000Z,1.0
1387431874381983749,3367334171,2021-05-25T06:01:16.000Z,1.0
239721071,3367334171,2021-05-25T05:38:14.000Z,1.0
1372365797155348481,864611330,2021-05-25T05:38:02.000Z,1.0
1390152326728519680,3367334171,2021-05-25T05:09:23.000Z,1.0
864611330,3367334171,2021-05-25T04:55:09.000Z,1.0
1237744995261702145,3367334171,2021-05-25T04:30:24.000Z,1.0
1358125989893730307,3367334171,2021-05-25T03:01:45.000Z,1.0
445459133,3367334171,2021-05-25T01:08:10.000Z,1.0
1242288092100218880,1169758838737838081,2021-05-25T00:34:58.000Z,1.0
321515881,3367334171,2021-05-25T00:19:08.000Z,1.0
1396464743821553665,3367334171,2021-05-25T00:14:49.000Z,1.0
1395191749602054150,3367334171,2021-05-25T00:04:31.000Z,1.0
164594991,3367334171,2021-05-25T00:03:06.000Z,1.0
1396650560166760450,3367334171,2021-05-24T23:33:14.000Z,1.0
1169758838737838081,3367334171,2021-05-24T23:01:04.000Z,1.0
466649831,3367334171,2021-05-24T21:43:15.000Z,1.0
2389058232,3367334171,2021-05-24T21:43:08.000Z,1.0
597670086,3367334171,2021-05-25T14:00:51.000Z,1.0
1384571936240513033,3367334171,2021-05-25T12:12:59.000Z,1.0
1346597595943227392,3367334171,2021-05-25T11:02:42.000Z,1.0
1372215002489266187,3367334171,2021-05-25T09:48:12.000Z,1.0
1382629779770200065,3367334171,2021-05-25T08:05:18.000Z,1.0
1377159051260293120,3367334171,2021-05-25T03:42:21.000Z,1.0
1242288092100218880,1052253331291340800,2021-05-25T03:25:09.000Z,1.0
1370488489867935745,3367334171,2021-05-25T03:13:18.000Z,1.0
1345353977462808576,3367334171,2021-05-25T03:06:14.000Z,1.0
3110905992,3367334171,2021-05-25T02:52:18.000Z,1.0
518746751,3367334171,2021-05-25T02:50:25.000Z,1.0
1052253331291340800,3367334171,2021-05-25T02:33:21.000Z,1.0
1395584230105747460,3367334171,2021-05-25T02:32:35.000Z,1.0
4916154335,14476138,2021-05-31T21:39:24.000Z,1.0
701918563351838720,606422206,2021-05-31T20:55:06.000Z,1.0
1237828412523372546,1237828412523372546,2021-05-31T20:37:43.000Z,1.0
1237828412523372546,1237828412523372546,2021-05-31T20:33:57.000Z,1.0
1310951593785929729,1237828412523372546,2021-05-31T20:20:53.000Z,1.0
1237828412523372546,246560945,2021-05-31T20:19:45.000Z,1.0
606422206,701918563351838720,2021-05-31T20:18:37.000Z,1.0
701918563351838720,606422206,2021-05-31T19:31:24.000Z,1.0
606422206,701918563351838720,2021-05-31T19:19:15.000Z,1.0
1388514386633838594,14476138,2021-05-31T18:58:28.000Z,1.0
996511970806452224,14476138,2021-05-31T18:14:21.000Z,1.0
996511970806452224,14476138,2021-05-31T18:11:55.000Z,1.0
996511970806452224,246560945,2021-05-31T18:05:34.000Z,1.0
1687026752,246560945,2021-05-31T17:10:19.000Z,1.0
1687026752,14476138,2021-05-31T17:06:31.000Z,1.0
169282355,246560945,2021-05-31T16:43:02.000Z,1.0
371473706,246560945,2021-05-31T15:54:42.000Z,1.0
248077379,248077379,2021-05-31T15:42:46.000Z,1.0
940770605187698689,246560945,2021-05-31T15:12:58.000Z,1.0
1014682982035140609,246560945,2021-05-31T15:02:23.000Z,1.0
53216025,14476138,2021-05-31T14:34:28.000Z,1.0
701918563351838720,246560945,2021-05-31T14:31:06.000Z,1.0
53216025,1341748308411355136,2021-05-31T14:27:08.000Z,1.0
4069930360,981666729129635842,2021-05-31T13:50:12.000Z,1.0
4069930360,14476138,2021-05-31T13:49:02.000Z,1.0
14476138,14476138,2021-05-31T13:10:42.000Z,1.0
14476138,981666729129635842,2021-05-31T13:08:40.000Z,1.0
238091558,246560945,2021-05-31T12:46:57.000Z,1.0
23536486,246560945,2021-05-31T12:28:52.000Z,1.0
1198358652450672641,246560945,2021-05-31T11:40:12.000Z,1.0
22848557,246560945,2021-05-31T11:24:48.000Z,1.0
1103799771167375360,246560945,2021-05-31T11:17:46.000Z,1.0
981666729129635842,981666729129635842,2021-05-31T11:13:18.000Z,1.0
981666729129635842,14476138,2021-05-31T11:11:07.000Z,1.0
15654827,246560945,2021-05-31T11:06:32.000Z,1.0
357855682,246560945,2021-05-31T10:54:57.000Z,1.0
14476138,981666729129635842,2021-05-31T10:51:44.000Z,1.0
302558109,246560945,2021-05-31T10:17:02.000Z,1.0
55709479,55709479,2021-05-31T10:14:38.000Z,1.0
55709479,246560945,2021-05-31T10:13:28.000Z,1.0
31708989,246560945,2021-05-31T07:29:53.000Z,1.0
30416624,246560945,2021-05-31T07:02:43.000Z,1.0
232610482,14476138,2021-05-31T06:33:17.000Z,1.0
26290452,246560945,2021-05-31T06:18:24.000Z,1.0
1146921753907728384,246560945,2021-05-31T06:11:11.000Z,1.0
1145228225716449280,248077379,2021-05-31T06:10:15.000Z,1.0
19664800,246560945,2021-05-31T05:27:12.000Z,1.0
1252650193075359745,246560945,2021-05-31T05:08:44.000Z,1.0
1121132954,246560945,2021-05-31T04:52:30.000Z,1.0
1205895559493701632,246560945,2021-05-31T04:39:48.000Z,1.0
744430737667956736,14476138,2021-05-31T04:24:54.000Z,1.0
3007477226,246560945,2021-05-31T04:24:20.000Z,1.0
744430737667956736,246560945,2021-05-31T04:23:07.000Z,1.0
1406841282,246560945,2021-05-31T03:49:43.000Z,1.0
1939191145,246560945,2021-05-31T03:49:33.000Z,1.0
494602368,246560945,2021-05-31T03:46:40.000Z,1.0
470808288,246560945,2021-05-31T03:37:10.000Z,1.0
1105311865075318784,246560945,2021-05-31T03:29:30.000Z,1.0
3306800733,1238638018073956352,2021-05-31T03:24:57.000Z,1.0
981666729129635842,14476138,2021-05-31T03:16:37.000Z,1.0
48334350,84676264,2021-05-31T03:12:23.000Z,1.0
426243100,426243100,2021-05-31T03:02:24.000Z,1.0
1163486109965438978,246560945,2021-05-31T03:00:37.000Z,1.0
1177651674564976640,246560945,2021-05-31T02:59:55.000Z,1.0
1394848231545311234,1394848231545311234,2021-05-31T02:57:50.000Z,1.0
1394848231545311234,246560945,2021-05-31T02:56:57.000Z,1.0
870257852912476161,246560945,2021-05-31T02:54:12.000Z,1.0
426243100,1149413585866674177,2021-05-31T02:53:01.000Z,1.0
84676264,48334350,2021-05-31T02:52:07.000Z,1.0
426243100,829943822431903746,2021-05-31T02:50:49.000Z,1.0
1368793313881579521,246560945,2021-05-31T02:50:30.000Z,1.0
8111392,246560945,2021-05-31T02:48:31.000Z,1.0
792936368099905536,246560945,2021-05-31T02:45:45.000Z,1.0
635010196,246560945,2021-05-31T02:45:22.000Z,1.0
51963642,246560945,2021-05-31T02:43:53.000Z,1.0
981666729129635842,246560945,2021-05-31T02:42:39.000Z,1.0
1118931465457348609,246560945,2021-05-31T02:38:17.000Z,1.0
159229238,246560945,2021-05-31T02:37:52.000Z,1.0
1354618327201673219,246560945,2021-05-31T02:35:56.000Z,1.0
1232138458602164224,1145833823977951232,2021-05-31T02:31:02.000Z,1.0
14476138,129158322,2021-05-31T02:31:01.000Z,1.0
1182355197454143488,246560945,2021-05-31T02:28:51.000Z,1.0
1149413585866674177,246560945,2021-05-31T02:28:35.000Z,1.0
1174700210456596482,246560945,2021-05-31T02:25:57.000Z,1.0
1182355197454143488,62986634,2021-05-31T02:24:44.000Z,1.0
248077379,246560945,2021-05-31T02:24:09.000Z,1.0
1178181143474114561,1361072942604554241,2021-05-31T02:23:06.000Z,1.0
829943822431903746,246560945,2021-05-31T02:22:40.000Z,1.0
4914221113,246560945,2021-05-31T02:21:56.000Z,1.0
483135846,246560945,2021-05-31T02:21:20.000Z,1.0
48334350,1238638018073956352,2021-05-31T02:20:22.000Z,1.0
1151412935752687616,246560945,2021-05-31T02:19:27.000Z,1.0
1163037575029780480,1361072942604554241,2021-05-31T02:19:23.000Z,1.0
1143416954620792832,1145833823977951232,2021-05-31T02:17:00.000Z,1.0
1215508031661838336,84676264,2021-05-31T02:16:58.000Z,1.0
1164013468854431744,62986634,2021-05-31T02:16:20.000Z,1.0
1210805522686853120,246560945,2021-05-31T02:16:05.000Z,1.0
247281826,246560945,2021-05-31T02:15:53.000Z,1.0
1159818262877745153,246560945,2021-05-31T02:15:38.000Z,1.0
1159818262877745153,1012671926219759616,2021-05-31T02:12:52.000Z,1.0
1348175953311121409,1325614024424185857,2021-05-30T06:13:53.000Z,1.0
1215532802,1343294302361944065,2021-05-29T22:45:12.000Z,1.0
1397746894768590857,2097571,2021-05-29T22:05:19.000Z,1.0
1000084679133880320,2097571,2021-05-29T21:22:43.000Z,1.0
1916257393,2097571,2021-05-29T21:16:31.000Z,1.0
1113908662735638528,34329262,2021-05-29T21:12:14.000Z,1.0
3815573061,1251578095347384324,2021-05-29T21:09:21.000Z,1.0
1343294302361944065,2097571,2021-05-29T21:03:32.000Z,1.0
34329262,2097571,2021-05-29T21:02:56.000Z,1.0
1398014064824143873,430421961,2021-05-30T22:45:02.000Z,1.0
3315455588,102822847,2021-05-30T16:11:59.000Z,1.0
1337559766038540290,430421961,2021-05-30T15:45:13.000Z,1.0
1305184707601141760,430421961,2021-05-30T13:05:18.000Z,1.0
3987684202,430421961,2021-05-30T12:33:44.000Z,1.0
1359146228387299331,430421961,2021-05-30T11:57:26.000Z,1.0
102822847,3315455588,2021-05-30T11:29:27.000Z,1.0
1393228989796335622,430421961,2021-05-30T10:55:21.000Z,1.0
1389020949454880769,430421961,2021-05-30T10:19:28.000Z,1.0
1239553938313142272,30699048,2021-05-30T08:04:34.000Z,1.0
1384003764604997641,430421961,2021-05-30T07:22:54.000Z,1.0
1383283584954376196,430421961,2021-05-30T07:18:19.000Z,1.0
1362638684911267841,430421961,2021-05-30T07:12:20.000Z,1.0
1393670861752872963,430421961,2021-05-30T07:08:53.000Z,1.0
1397488359719804929,430421961,2021-05-30T06:34:55.000Z,1.0
1392320310293106695,430421961,2021-05-30T05:47:57.000Z,1.0
865145382598172672,430421961,2021-05-30T05:40:43.000Z,1.0
1062491225528385536,430421961,2021-05-30T05:17:38.000Z,1.0
1470323264,430421961,2021-05-30T04:44:25.000Z,1.0
1372228952501096453,430421961,2021-05-30T04:04:28.000Z,1.0
82796858,820756817710116865,2021-05-30T03:18:36.000Z,1.0
82796858,430421961,2021-05-30T03:17:59.000Z,1.0
1382828885583171585,430421961,2021-05-30T03:17:58.000Z,1.0
243295810,430421961,2021-05-30T03:01:43.000Z,1.0
1382695767022911492,430421961,2021-05-30T02:18:36.000Z,1.0
1398487952829915138,3315455588,2021-05-30T02:06:50.000Z,1.0
302634806,430421961,2021-05-30T02:02:44.000Z,1.0
820756817710116865,430421961,2021-05-30T01:42:20.000Z,1.0
4774371583,430421961,2021-05-30T01:21:51.000Z,1.0
1230679798340452352,430421961,2021-05-30T01:20:45.000Z,1.0
1390374628154019842,1383198514243584001,2021-05-30T01:15:24.000Z,1.0
757902994717442049,430421961,2021-05-29T23:56:04.000Z,1.0
2529853544,1240828319441907713,2021-05-29T23:14:43.000Z,1.0
3315455588,430421961,2021-05-29T23:09:02.000Z,1.0
69107698,430421961,2021-05-29T21:50:07.000Z,1.0
1374152735260606467,430421961,2021-05-29T21:23:18.000Z,1.0
1008842043181993989,430421961,2021-05-29T21:14:36.000Z,1.0
1273996724936286209,30699048,2021-05-29T21:08:50.000Z,1.0
1395378791757852677,430421961,2021-05-29T21:01:17.000Z,1.0
1383402467845492738,430421961,2021-05-29T20:53:13.000Z,1.0
2401187816,1139151727700205569,2021-05-29T20:41:49.000Z,1.0
1849939800,430421961,2021-05-29T20:41:32.000Z,1.0
531093223,430421961,2021-05-29T20:27:07.000Z,1.0
1139151727700205569,2401187816,2021-05-29T20:24:47.000Z,1.0
1387884588362575877,1357803932182003712,2021-05-29T20:22:07.000Z,1.0
1361095981983436800,430421961,2021-05-29T20:16:03.000Z,1.0
1357803932182003712,430421961,2021-05-29T20:14:06.000Z,1.0
1393116370808676355,430421961,2021-05-29T20:13:13.000Z,1.0
2401187816,1139151727700205569,2021-05-29T20:06:07.000Z,1.0
1139151727700205569,2401187816,2021-05-29T20:01:15.000Z,1.0
2401187816,1139151727700205569,2021-05-29T19:59:59.000Z,1.0
1389591367333072897,430421961,2021-05-29T19:38:24.000Z,1.0
272063867,30699048,2021-05-29T19:34:00.000Z,1.0
1398325027636973568,30699048,2021-05-29T19:29:18.000Z,1.0
1387263539643965442,430421961,2021-05-29T19:27:25.000Z,1.0
963157234615173125,430421961,2021-05-29T19:26:59.000Z,1.0
1391239305037762565,30699048,2021-05-29T19:01:13.000Z,1.0
211424075,430421961,2021-05-29T19:01:12.000Z,1.0
2247081108,430421961,2021-05-29T19:00:44.000Z,1.0
1392297772674551813,430421961,2021-05-29T18:57:26.000Z,1.0
1369413597349240832,430421961,2021-05-29T18:53:34.000Z,1.0
1035907754005651456,430421961,2021-05-29T18:53:23.000Z,1.0
1355350692303659012,430421961,2021-05-29T18:52:15.000Z,1.0
1098020055286083585,430421961,2021-05-29T18:51:31.000Z,1.0
633975409,430421961,2021-05-29T18:51:10.000Z,1.0
2915819162,30699048,2021-05-29T18:49:55.000Z,1.0
1363279121103609857,30699048,2021-05-29T18:49:17.000Z,1.0
901611836524638209,430421961,2021-05-29T18:47:12.000Z,1.0
73840189,430421961,2021-05-29T18:44:37.000Z,1.0
1139151727700205569,430421961,2021-05-29T18:44:08.000Z,1.0
1392666653314494467,430421961,2021-05-29T18:42:52.000Z,1.0
2286029743,430421961,2021-05-29T18:40:43.000Z,1.0
1351665382080335872,430421961,2021-05-29T18:40:29.000Z,1.0
1384594678788526082,430421961,2021-05-29T18:39:19.000Z,1.0
1240828319441907713,430421961,2021-05-29T18:39:07.000Z,1.0
936653147157729280,430421961,2021-05-29T18:38:42.000Z,1.0
1376697770191552514,430421961,2021-05-29T18:38:22.000Z,1.0
1366204139496161280,430421961,2021-05-29T18:37:31.000Z,1.0
30699048,430421961,2021-05-29T18:37:15.000Z,1.0
128920558,128920558,2021-05-29T18:32:46.000Z,1.0
1237753732722556929,430421961,2021-05-29T18:31:22.000Z,1.0
1294305628605812736,430421961,2021-05-29T18:26:04.000Z,1.0
796237377584775168,430421961,2021-05-29T18:25:38.000Z,1.0
1383198514243584001,430421961,2021-05-29T18:25:36.000Z,1.0
377689358,430421961,2021-05-29T18:24:35.000Z,1.0
128920558,430421961,2021-05-29T18:23:23.000Z,1.0
1057622011395084289,430421961,2021-05-29T18:22:21.000Z,1.0
1967431100,430421961,2021-05-29T18:21:13.000Z,1.0
1363200545993932802,430421961,2021-05-29T18:21:02.000Z,1.0
1327530960963792896,430421961,2021-05-29T18:19:40.000Z,1.0
1305314347569344512,430421961,2021-05-29T18:19:37.000Z,1.0
1356849045147279376,430421961,2021-05-29T18:19:27.000Z,1.0
1261715179844374533,430421961,2021-05-29T18:19:16.000Z,1.0
947406661483864064,430421961,2021-05-29T18:19:02.000Z,1.0
1333302036247416832,1355655307687567362,2021-05-30T07:45:55.000Z,1.0
1298753033761951745,1333467482,2021-05-29T02:11:09.000Z,1.0
299451170,1333467482,2021-05-28T23:31:50.000Z,1.0
1379651333742071810,1333467482,2021-05-28T18:04:55.000Z,1.0
1395322704925020161,1333467482,2021-05-28T17:20:08.000Z,1.0
1393645692904632320,1355655307687567362,2021-05-28T13:04:37.000Z,1.0
1261794984757428224,1333467482,2021-05-28T12:00:52.000Z,1.0
1377004255941382145,1333467482,2021-05-28T11:43:23.000Z,1.0
1381479848888127489,1333467482,2021-05-27T21:53:06.000Z,1.0
1333302036247416832,1355655307687567362,2021-05-27T21:09:45.000Z,1.0
1355655307687567362,1333302036247416832,2021-05-27T20:48:23.000Z,1.0
1333302036247416832,1355655307687567362,2021-05-27T20:47:35.000Z,1.0
1333302036247416832,1355655307687567362,2021-05-27T20:46:18.000Z,1.0
1333302036247416832,1355655307687567362,2021-05-27T20:42:48.000Z,1.0
1355655307687567362,1333302036247416832,2021-05-27T19:58:19.000Z,1.0
1355655307687567362,1333302036247416832,2021-05-27T19:56:13.000Z,1.0
1333302036247416832,1355655307687567362,2021-05-27T19:54:22.000Z,1.0
1355655307687567362,1333302036247416832,2021-05-27T19:42:40.000Z,1.0
1333302036247416832,1355655307687567362,2021-05-27T19:22:59.000Z,1.0
1371051459261964290,1333467482,2021-05-27T10:27:31.000Z,1.0
1355655307687567362,1333302036247416832,2021-05-26T23:36:04.000Z,1.0
1333302036247416832,1355655307687567362,2021-05-26T23:32:31.000Z,1.0
1333302036247416832,1355655307687567362,2021-05-26T23:31:50.000Z,1.0
4152052889,274156528,2021-05-26T23:24:30.000Z,1.0
1294828141362511877,1357675235395448832,2021-05-26T23:09:09.000Z,1.0
1394303641994076163,1333467482,2021-05-26T22:57:27.000Z,1.0
274156528,4152052889,2021-05-26T22:47:48.000Z,1.0
3111467447,1333467482,2021-05-26T22:47:04.000Z,1.0
1355655307687567362,1333302036247416832,2021-05-26T22:18:54.000Z,1.0
32723641,1333467482,2021-05-26T21:29:49.000Z,1.0
944574737761669121,1333467482,2021-05-26T18:37:16.000Z,1.0
68652138,1333467482,2021-05-26T18:34:04.000Z,1.0
97477310,4152052889,2021-05-26T18:19:16.000Z,1.0
97477310,1357675235395448832,2021-05-26T18:15:09.000Z,1.0
1333302036247416832,1355655307687567362,2021-05-26T18:14:03.000Z,1.0
834099909859037185,1355655307687567362,2021-05-26T18:13:18.000Z,1.0
97477310,1191594871565377536,2021-05-26T18:10:53.000Z,1.0
1355655307687567362,1333302036247416832,2021-05-26T17:51:09.000Z,1.0
1333302036247416832,1355655307687567362,2021-05-26T17:31:12.000Z,1.0
1355655307687567362,1333302036247416832,2021-05-26T17:01:33.000Z,1.0
886325755281629185,1333467482,2021-05-26T16:56:33.000Z,1.0
1333302036247416832,1164679364,2021-05-26T16:05:52.000Z,1.0
1395478313938956288,1333467482,2021-05-26T15:54:24.000Z,1.0
1080891890,1333467482,2021-05-26T15:30:00.000Z,1.0
1080891890,1333467482,2021-05-26T15:28:23.000Z,1.0
1080891890,1333467482,2021-05-26T15:26:26.000Z,1.0
1080891890,1333467482,2021-05-26T15:21:48.000Z,1.0
1080891890,1333467482,2021-05-26T15:19:14.000Z,1.0
1080891890,1333467482,2021-05-26T15:18:01.000Z,1.0
1080891890,1333467482,2021-05-26T15:16:03.000Z,1.0
1080891890,1333467482,2021-05-26T15:13:16.000Z,1.0
291173110,1355655307687567362,2021-05-26T14:40:50.000Z,1.0
915065671201026048,1333467482,2021-05-26T14:37:44.000Z,1.0
811483008972754948,1333467482,2021-05-26T14:36:59.000Z,1.0
811483008972754948,811483008972754948,2021-05-26T14:35:20.000Z,1.0
1355655307687567362,291173110,2021-05-26T14:34:23.000Z,1.0
811483008972754948,1333467482,2021-05-26T14:33:46.000Z,1.0
291173110,1355655307687567362,2021-05-26T14:29:00.000Z,1.0
1182225147228540928,1333467482,2021-05-26T14:23:21.000Z,1.0
1118006348099223553,1333467482,2021-05-26T14:21:56.000Z,1.0
1597158386,1333467482,2021-05-26T14:08:56.000Z,1.0
1396544355230535684,1375382624,2021-05-26T14:03:29.000Z,1.0
1375382624,1591563392,2021-05-26T14:01:25.000Z,1.0
1280086702879637505,1333467482,2021-05-26T13:59:27.000Z,1.0
1285563189065900034,1333467482,2021-05-26T13:55:03.000Z,1.0
1146386809099816960,1055812701858025473,2021-05-26T13:01:38.000Z,1.0
100893220,4827889958,2021-05-26T12:52:23.000Z,1.0
1055812701858025473,1146386809099816960,2021-05-26T12:48:20.000Z,1.0
1146386809099816960,1333467482,2021-05-26T12:38:30.000Z,1.0
1396544355230535684,97477310,2021-05-26T12:35:05.000Z,1.0
86477497,1333467482,2021-05-26T12:35:05.000Z,1.0
97477310,1396544355230535684,2021-05-26T12:34:03.000Z,1.0
97477310,1333467482,2021-05-26T12:30:45.000Z,1.0
1320576246867132416,1333467482,2021-05-26T12:23:25.000Z,1.0
21178292,1333467482,2021-05-26T12:22:54.000Z,1.0
1185658726407168005,1333467482,2021-05-26T12:21:01.000Z,1.0
1396544355230535684,1302096706838773760,2021-05-26T12:06:00.000Z,1.0
1302096706838773760,1396544355230535684,2021-05-26T12:05:05.000Z,1.0
877202548507017216,1333467482,2021-05-26T12:03:42.000Z,1.0
1392057370214346752,1333467482,2021-05-26T11:38:34.000Z,1.0
1164679364,1333302036247416832,2021-05-26T11:29:00.000Z,1.0
323253155,1333467482,2021-05-26T11:19:22.000Z,1.0
954058769255878656,1333467482,2021-05-26T10:06:25.000Z,1.0
1396544355230535684,1302096706838773760,2021-05-26T10:01:24.000Z,1.0
1066837911562305536,1333467482,2021-05-26T09:36:44.000Z,1.0
1385203665980596225,1333467482,2021-05-26T09:34:09.000Z,1.0
1384165315538419717,1333467482,2021-05-26T09:28:10.000Z,1.0
1375289151264759820,1333467482,2021-05-26T08:59:54.000Z,1.0
723560859549704192,1333467482,2021-05-26T08:46:29.000Z,1.0
1381598527789395971,1333467482,2021-05-26T08:42:55.000Z,1.0
1591563392,1375382624,2021-05-26T08:27:47.000Z,1.0
139117741,1333467482,2021-05-26T08:13:43.000Z,1.0
401229993,1333467482,2021-05-26T07:59:24.000Z,1.0
312162513,1333467482,2021-05-26T07:24:23.000Z,1.0
3133927479,1333467482,2021-05-26T07:02:19.000Z,1.0
1395781118453035016,1333467482,2021-05-26T06:59:00.000Z,1.0
2819049534,1136776548013334529,2021-05-26T06:35:32.000Z,1.0
2819049534,1333467482,2021-05-26T06:15:39.000Z,1.0
2658718933,1333467482,2021-05-26T04:54:27.000Z,1.0
1391261142819934209,1333467482,2021-05-26T04:45:58.000Z,1.0
1261692570519945217,361289499,2021-05-26T11:03:48.000Z,1.0
1048727911241592833,361289499,2021-05-26T09:50:53.000Z,1.0
834748994110763008,361289499,2021-05-26T08:36:02.000Z,1.0
1345133209009475587,929245211456307201,2021-05-26T07:57:32.000Z,1.0
423122767,2436159565,2021-05-26T07:48:35.000Z,1.0
185186241,361289499,2021-05-26T07:24:24.000Z,1.0
406876563,361289499,2021-05-26T06:39:06.000Z,1.0
1383872075115294730,361289499,2021-05-26T05:48:39.000Z,1.0
1341083676294041601,986290399143694336,2021-05-26T03:55:43.000Z,1.0
66137416,361289499,2021-05-26T03:55:12.000Z,1.0
986290399143694336,361289499,2021-05-26T03:47:44.000Z,1.0
371720101,361289499,2021-05-26T01:21:20.000Z,1.0
940078052301611008,361289499,2021-05-26T00:25:58.000Z,1.0
1395384493519802370,361289499,2021-05-26T00:00:46.000Z,1.0
72455830,361289499,2021-05-25T23:54:05.000Z,1.0
997143602064252929,361289499,2021-05-25T23:45:09.000Z,1.0
1386318868944195585,924761305382187009,2021-05-25T23:29:11.000Z,1.0
2442767023,361289499,2021-05-25T22:54:35.000Z,1.0
454623912,16141593,2021-05-25T22:48:45.000Z,1.0
16141593,454623912,2021-05-25T22:44:54.000Z,1.0
454623912,16141593,2021-05-25T22:43:47.000Z,1.0
95594952,929245211456307201,2021-05-25T22:18:55.000Z,1.0
1201363714471006209,361289499,2021-05-25T22:10:44.000Z,1.0
879450694431817728,361289499,2021-05-25T21:51:53.000Z,1.0
1456433029,361289499,2021-05-25T21:26:29.000Z,1.0
1391420011634364418,361289499,2021-05-25T21:20:03.000Z,1.0
957468053251477504,2500805054,2021-05-25T20:25:21.000Z,1.0
2436159565,423122767,2021-05-25T20:23:17.000Z,1.0
1391920465287933952,361289499,2021-05-25T20:13:58.000Z,1.0
924761305382187009,1386318868944195585,2021-05-25T19:38:38.000Z,1.0
1396650560166760450,361289499,2021-05-25T19:21:42.000Z,1.0
1295121056349421568,1349383683027955714,2021-05-25T18:50:05.000Z,1.0
807560255735496704,361289499,2021-05-25T18:47:42.000Z,1.0
1295121056349421568,361289499,2021-05-25T18:44:15.000Z,1.0
1267156818318561280,361289499,2021-05-25T18:28:36.000Z,1.0
1396839214466150403,361289499,2021-05-25T18:18:03.000Z,1.0
1038684405051600897,361289499,2021-05-25T18:08:09.000Z,1.0
1203831547436191744,361289499,2021-05-25T17:35:19.000Z,1.0
466104222,361289499,2021-05-25T17:27:54.000Z,1.0
1396963083847835650,361289499,2021-05-25T17:19:19.000Z,1.0
180210885,361289499,2021-05-25T17:18:29.000Z,1.0
40206129,1291039189631406081,2021-05-25T17:01:37.000Z,1.0
2575192548,361289499,2021-05-25T16:53:30.000Z,1.0
929245211456307201,361289499,2021-05-25T16:48:51.000Z,1.0
613214169,361289499,2021-05-25T16:28:58.000Z,1.0
1389210166839676930,361289499,2021-05-25T16:21:39.000Z,1.0
16141593,454623912,2021-05-25T16:21:19.000Z,1.0
1386318868944195585,361289499,2021-05-25T16:19:47.000Z,1.0
1150729747070164993,361289499,2021-05-25T16:19:15.000Z,1.0
1240364277401190400,361289499,2021-05-25T16:03:58.000Z,1.0
3160422632,361289499,2021-05-25T16:00:32.000Z,1.0
1389913698471395328,361289499,2021-05-25T16:00:09.000Z,1.0
1250338837554855939,361289499,2021-05-25T15:46:13.000Z,1.0
1349383683027955714,361289499,2021-05-25T15:45:22.000Z,1.0
427406598,361289499,2021-05-25T15:43:51.000Z,1.0
1384841879880089600,361289499,2021-05-25T15:37:45.000Z,1.0
1395766164349980675,361289499,2021-05-25T15:33:43.000Z,1.0
1085710126458167296,361289499,2021-05-25T15:29:31.000Z,1.0
413648359,3252827756,2021-05-25T15:25:06.000Z,1.0
1306194362553053184,361289499,2021-05-25T15:16:38.000Z,1.0
992480993834688514,2742636622,2021-05-25T15:10:48.000Z,1.0
1390709593190322183,361289499,2021-05-25T15:10:04.000Z,1.0
2742636622,992480993834688514,2021-05-25T15:06:50.000Z,1.0
1229311771187412992,361289499,2021-05-25T15:06:41.000Z,1.0
992480993834688514,2742636622,2021-05-25T15:04:53.000Z,1.0
1265493978130120704,361289499,2021-05-25T15:03:57.000Z,1.0
243169489,361289499,2021-05-25T15:02:25.000Z,1.0
851610934908944385,361289499,2021-05-25T15:01:18.000Z,1.0
1397169195914338304,361289499,2021-05-25T15:00:11.000Z,1.0
903337097100226560,361289499,2021-05-25T14:59:48.000Z,1.0
2742636622,864058194322239488,2021-05-25T14:59:36.000Z,1.0
423122767,976804883067232256,2021-05-25T14:59:19.000Z,1.0
2742636622,992480993834688514,2021-05-25T14:58:51.000Z,1.0
1389591211015647236,361289499,2021-05-25T14:58:45.000Z,1.0
1389591211015647236,361289499,2021-05-25T14:57:44.000Z,1.0
724871033828872193,361289499,2021-05-25T14:56:55.000Z,1.0
3065911017,361289499,2021-05-25T14:47:13.000Z,1.0
976804883067232256,423122767,2021-05-25T14:47:00.000Z,1.0
978959198,361289499,2021-05-25T14:38:37.000Z,1.0
1372959815358615561,361289499,2021-05-25T14:31:04.000Z,1.0
436314136,361289499,2021-05-25T14:29:55.000Z,1.0
1291039189631406081,454623912,2021-05-25T14:26:11.000Z,1.0
992480993834688514,992480993834688514,2021-05-25T14:21:39.000Z,1.0
864058194322239488,361289499,2021-05-25T14:19:17.000Z,1.0
454623912,44847919,2021-05-25T14:15:25.000Z,1.0
974775088464658433,361289499,2021-05-25T14:12:34.000Z,1.0
1316765945008984064,361289499,2021-05-25T14:07:43.000Z,1.0
1357448700084301824,361289499,2021-05-25T14:02:46.000Z,1.0
423122767,361289499,2021-05-25T14:01:15.000Z,1.0
2500805054,361289499,2021-05-25T14:00:41.000Z,1.0
992480993834688514,361289499,2021-05-25T14:00:33.000Z,1.0
2455774399,361289499,2021-05-25T13:59:59.000Z,1.0
1135499647,361289499,2021-05-25T13:59:23.000Z,1.0
1267593131324825601,361289499,2021-05-25T13:59:22.000Z,1.0
1249667834524897281,361289499,2021-05-25T13:59:14.000Z,1.0
44847919,361289499,2021-05-25T13:58:49.000Z,1.0
1147857773671145472,361289499,2021-05-25T13:58:44.000Z,1.0
106659329,361289499,2021-05-25T13:58:41.000Z,1.0
1389957912051683330,361289499,2021-05-25T13:58:39.000Z,1.0
1331570579380506624,282096731,2021-05-27T18:17:22.000Z,1.0
1251304444416765952,1652541,2021-05-25T20:46:45.000Z,1.0
3817519636,1652541,2021-05-25T12:42:19.000Z,1.0
3817519636,222139729,2021-05-25T12:40:29.000Z,1.0
1225726231028609025,416454361,2021-05-25T08:54:06.000Z,1.0
416454361,1225726231028609025,2021-05-25T08:38:44.000Z,1.0
1225726231028609025,416454361,2021-05-25T07:55:50.000Z,1.0
1392635812974583808,189252638,2021-05-30T02:48:27.000Z,1.0
1362183271426125824,1376214683510734853,2021-05-25T07:26:37.000Z,1.0
1362183271426125824,1386318868944195585,2021-05-25T07:25:08.000Z,1.0
1362183271426125824,1344968005311148033,2021-05-25T07:23:41.000Z,1.0
1362183271426125824,1301529831490727943,2021-05-25T07:21:54.000Z,1.0
1362183271426125824,1385104882496163840,2021-05-25T07:20:13.000Z,1.0
1362183271426125824,2847326883,2021-05-25T07:18:03.000Z,1.0
1392158300242911232,807095,2021-05-25T02:55:52.000Z,1.0
1376214683510734853,807095,2021-05-25T02:18:20.000Z,1.0
164594991,807095,2021-05-24T23:58:44.000Z,1.0
1393912296867516416,807095,2021-05-24T22:15:59.000Z,1.0
1379835566024458242,807095,2021-05-24T21:49:06.000Z,1.0
2695584032,807095,2021-05-24T21:46:07.000Z,1.0
