Aruba,ABW,"Children out of school, primary, female",SE.PRM.UNER.FE,,,,,,,,,,,,,,,,,,,,,,,,,,,,,,,,,,,,,,,,52,83,134,233,324,317,151,99,77,55,96,,,,,23,,
Afghanistan,AFG,"Children out of school, primary, female",SE.PRM.UNER.FE,,,,,,,,,,,,,,,878047,,,,,,,,,,,,,,,,,,,1034842,,,,,,,,,,,,,,,,,,,,,,,
Angola,AGO,"Children out of school, primary, female",SE.PRM.UNER.FE,,,,,,,,,,,,,,,,,,,,,,,281842,315254,,,,,,,,,,,,,,,467049,,,,,,,,,,431230,463178,483922,525174,,,,,
Albania,ALB,"Children out of school, primary, female",SE.PRM.UNER.FE,,,,,,,,,,,,,,,,,,,,,,,,,,,,,,,,,,,,,,,,5480,6330,7518,,10409,10108,,,,9747,13205,10487,7775,4395,4196,,,
Andorra,AND,"Children out of school, primary, female",SE.PRM.UNER.FE,,,,,,,,,,,,,,,,,,,,,,,,,,,,,,,,,,,,,,,,,,,,,,,,,,,,,,,,,
Arab World,ARB,"Children out of school, primary, female",SE.PRM.UNER.FE,,,,,,,,,,,6099133,6258468,6260728,6275221,6355266,6268758,6192059,6192170,6218396,6037277,5934692,5950425,5953351,5943431,5879204,5917946,5882752,5820334,5818244,5973560,5794467,5867619,6643716,6657386,6210699,6555482,6050840,6012905,5829307,5530311,5310041,4960962,4680799,4397883,4250839,4235128,4218424,4029001,3861943,3787421,3580299,3625814,3351601,3518214,3677645,,
United Arab Emirates,ARE,"Children out of school, primary, female",SE.PRM.UNER.FE,,,,,,,,,,,,,,,,,,,6456,,9488,12427,10889,14811,16067,17560,18421,11723,10260,6617,,,6666,8775,10379,9235,11311,15446,14252,19655,25930,29894,24309,12251,8465,4881,2904,4381,,12287,7437,10742,7055,7475,6748,8339,
Argentina,ARG,"Children out of school, primary, female",SE.PRM.UNER.FE,,,,,,,,,,,63661,,,,49849,53942,,,,,,,,,,,,,,,,83647,,,,,,,,4292,,,,14135,28812,22803,17580,13082,17222,17761,33903,32045,31673,24780,11307,,
Armenia,ARM,"Children out of school, primary, female",SE.PRM.UNER.FE,,,,,,,,,,,,,,,,,,,,,,,,,,,,,,,,,,,,,,,,,,,8931,9154,,5293,3183,1023,,,,,,,,2559,
American Samoa,ASM,"Children out of school, primary, female",SE.PRM.UNER.FE,,,,,,,,,,,,,,,,,,,,,,,,,,,,,,,,,,,,,,,,,,,,,,,,,,,,,,,,,
Antigua and Barbuda,ATG,"Children out of school, primary, female",SE.PRM.UNER.FE,,,,,,,,,,,,,,,,,,,,,,,,,,,,,,,,,,,,,,,,,,,,,,,,472,392,494,754,773,786,,800,528,
Australia,AUS,"Children out of school, primary, female",SE.PRM.UNER.FE,,,,,,,,,,,,27277,,35577,40277,22608,16717,,,,,5097,12809,21137,33051,29740,23258,18258,12982,12339,16327,21027,23017,26444,28644,46106,41514,43723,41198,41840,40203,40460,40171,35223,32647,29455,27724,22261,21943,22829,21978,17343,19816,22965,26248,25671,
Austria,AUT,"Children out of school, primary, female",SE.PRM.UNER.FE,,,,,,,,,,,,,,,,,,,,,,,,,,,,,,8494,,,,,,,,,,,,,,,,,,,,,,,,,,,
Azerbaijan,AZE,"Children out of school, primary, female",SE.PRM.UNER.FE,,,,,,,,,,,,,,,,,,,,,,,,,,,,,,,,21053,18931,21784,50909,26974,8630,38205,43487,27548,42620,51837,53444,62179,52689,53963,53323,43150,40596,36907,38153,33050,27846,18916,13797,16946,
Burundi,BDI,"Children out of school, primary, female",SE.PRM.UNER.FE,,,,,,,,,,,,,,250469,,,,,261079,,261556,258809,256536,245807,239138,233947,233801,226307,224915,,,,,284274,,,,,,,393264,351545,360858,341106,325597,308312,196414,153055,86035,93561,60476,,,78440,27340,37767,
Belgium,BEL,"Children out of school, primary, female",SE.PRM.UNER.FE,,,,,,,,,,,,,,,,,,10418,,2149,172,4789,6301,17296,20002,21964,17962,13283,9438,,,10957,16605,10962,13346,13345,11465,,,3454,2545,3006,2751,5959,10812,11213,9198,4983,2614,2689,3534,3318,2375,2158,2860,2467,
Benin,BEN,"Children out of school, primary, female",SE.PRM.UNER.FE,,,,,,,,,,,,,,,,,,,,,,,,,231992,237119,247549,,264586,271605,305551,,300351,296277,295829,293472,289462,280762,,,,,,,,,167934,,142184,99740,,92509,,,,,
Burkina Faso,BFA,"Children out of school, primary, female",SE.PRM.UNER.FE,,,,,,,,,,,,393491,399425,,,,,442516,452711,462512,469950,475805,481336,488702,499720,507583,513775,524552,540387,556507,,579038,592707,603562,613007,618483,,,633839,644345,649098,654130,676836,672884,667745,635985,611606,568166,509928,485215,551636,504546,501274,501098,499647,489618,
Bangladesh,BGD,"Children out of school, primary, female",SE.PRM.UNER.FE,,,,,,,,,,,3097768,,,2600913,,,,2584693,2636750,,,2603449,,3072248,2983202,3206820,3357230,3517550,2641862,2670305,2411263,,,,,,,,,,,,,,,151174,70348,,481918,174125,1359,,,,,,
Bulgaria,BGR,"Children out of school, primary, female",SE.PRM.UNER.FE,,,,,,,,,,,,,,,,,,,,,,,,,,,,,,,,,,,,,14500,11383,7370,5333,5362,4313,4751,4343,4732,8766,10490,5613,2476,334,321,1241,3390,3996,4277,6752,
Bahrain,BHR,"Children out of school, primary, female",SE.PRM.UNER.FE,,,,,,,,,,,,5982,5319,5033,5119,4639,5239,5468,5768,5392,4786,4802,5249,4501,3466,2111,1027,1012,557,328,,,610,370,315,22,,,,62,67,909,1365,1660,1977,3208,2183,,,,,3338,3133,2833,1872,795,
"Bahamas, The",BHS,"Children out of school, primary, female",SE.PRM.UNER.FE,,,,,,,,,,,,,,,,,,,,,,,,,,,,,,,,,1938,1788,,,,,,1633,,,,,848,61,265,,60,167,,,,,,,
Bosnia and Herzegovina,BIH,"Children out of school, primary, female",SE.PRM.UNER.FE,,,,,,,,,,,,,,,,,,,,,,,,,,,,,,,,,,,,,,,,,,,,,,,,,,,,,,,,,
Belarus,BLR,"Children out of school, primary, female",SE.PRM.UNER.FE,,,,,,,,,,,,,,,,,,,,,,,,,,,,,,,,,,,,44719,,,,,,,,,,,,,,13993,14605,15355,10011,10626,10616,6647,
Belize,BLZ,"Children out of school, primary, female",SE.PRM.UNER.FE,,,,,,,,,,,,,,,,,,,,,,,,,,,,,,,,,,,,,,,,203,794,1326,,1127,822,1075,874,928,901,710,432,688,45,314,348,287,
Bermuda,BMU,"Children out of school, primary, female",SE.PRM.UNER.FE,,,,,,,,,,,,,,,,,,,591,644,,,,,182,139,,,,,,,,,,,,,,,,,,,,,,,,,,277,438,,,,
Bolivia,BOL,"Children out of school, primary, female",SE.PRM.UNER.FE,,,,,,,,,,,,,,,,,,,,,,,,,,,,,,,,,,,,,,,33043,31467,26628,24288,23102,18786,18716,19177,19566,21857,34260,14980,31081,46223,70518,42721,77790,73454,
Brazil,BRA,"Children out of school, primary, female",SE.PRM.UNER.FE,,,,,,,,,,,,,,,,,,,,,,,,,,,,,,,,,,,,,,,,,,,,,450481,188412,,428212,138568,158529,,281299,145720,455495,347245,326234,
Barbados,BRB,"Children out of school, primary, female",SE.PRM.UNER.FE,,,,,,,,,,,,2735,2407,2035,,,283,,,,,742,1061,1005,,,,,,24,409,,1332,,,,,,,369,530,664,979,1017,1182,1114,914,482,323,589,457,661,,,827,,
Brunei Darussalam,BRN,"Children out of school, primary, female",SE.PRM.UNER.FE,,,,,,,,,,,,,,,,,,1328,1237,2461,2479,2866,3174,3123,3192,,3088,,,,,1615,1100,420,423,,,,,,,,,,,,,,,,,,,,,,
Bhutan,BTN,"Children out of school, primary, female",SE.PRM.UNER.FE,,,,,,,,,,,,,,,,,,,25596,25840,,,,,,,,,,,,,,,,,,,26060,25473,23577,21493,,,,13972,11735,,8468,6051,4888,4575,3865,4698,4779,,
Botswana,BWA,"Children out of school, primary, female",SE.PRM.UNER.FE,,,,,,,,,,,36469,39363,38965,38392,35917,31030,27805,24695,24608,23833,20399,16139,,14039,14812,13784,14199,13954,13735,14039,14769,12240,14232,16143,17115,31680,31466,,26728,27515,25106,22026,21403,20839,21822,21115,20209,21442,22319,21870,,,12938,12395,,,
Central African Republic,CAF,"Children out of school, primary, female",SE.PRM.UNER.FE,,,,,,,,,,,,90397,90078,89067,,,,100326,103660,,,105065,106761,111449,,,106177,128412,135555,138755,126425,136931,,,,,,,,,,,,,,188860,192417,173812,147180,148105,140959,146099,134223,,,,
Canada,CAN,"Children out of school, primary, female",SE.PRM.UNER.FE,,,,,,,,,,,,,,,,,,,,,,,47968,52708,59343,59482,55230,55518,55731,60184,48183,26412,29605,53057,64467,74314,64156,,18194,1756,,,,,,,,,,,,,,,,,
Central Europe and the Baltics,CEB,"Children out of school, primary, female",SE.PRM.UNER.FE,,,,,,,,,,,,,,,,,,,,,,,,,,,,,,,,,,,,,,245951,145723,160857,151981,140935,133166,125575,125978,129705,124349,101154,87772,80595,73028,81481,87209,99899,103167,,
Switzerland,CHE,"Children out of school, primary, female",SE.PRM.UNER.FE,,,,,,,,,,,,,,,,,,69303,66891,,,59507,57550,55862,54914,53557,51325,47409,42856,38480,34802,33262,33773,35689,38098,26407,21905,,,749,745,600,539,464,1901,3980,4987,4636,2758,1688,1561,1047,869,251,278,324,
Channel Islands,CHI,"Children out of school, primary, female",SE.PRM.UNER.FE,,,,,,,,,,,,,,,,,,,,,,,,,,,,,,,,,,,,,,,,,,,,,,,,,,,,,,,,,
Chile,CHL,"Children out of school, primary, female",SE.PRM.UNER.FE,,,,,,,,,,,,,,,,,,,,,,,,,,,,,,,,,,,,,,,,,,,,,,,,22288,26066,41823,37444,47251,50674,54306,50233,40830,
China,CHN,"Children out of school, primary, female",SE.PRM.UNER.FE,,,,,,,,,,,,,,,,,,,,,,,,,,,,4763277,,,,,2681039,3268134,4124560,5086910,5919119,,,,,,,,,,,,,,,,,,,,
Cote d'Ivoire,CIV,"Children out of school, primary, female",SE.PRM.UNER.FE,,,,,,,,,,,,,,,,,,345239,,,,,,,,,,,,,,,,,,,625877,631666,,638568,673455,633375,659570,694269,,,,,,786424,,,,561054,514940,452408,
Cameroon,CMR,"Children out of school, primary, female",SE.PRM.UNER.FE,,,,,,,,,,,,234976,243498,261598,276300,252653,250155,264624,267067,268638,274963,,,,,,,,298007,,327905,356664,,,,,,,,,,,,,,,,,,,,304674,198007,,184714,174235,
"Congo, Dem. Rep.",COD,"Children out of school, primary, female",SE.PRM.UNER.FE,,,,,,,,,,,,731655,768728,,,763998,,,,814304,,,,812382,804815,,,,1133487,,,1346284,1440440,1534397,1604971,1566429,,,,2557352,,,,,,,,,,,,,,,,,
"Congo, Rep.",COG,"Children out of school, primary, female",SE.PRM.UNER.FE,,,,,,,,,,,,,24581,,18654,,13703,,7987,7541,17574,19580,19056,18280,17576,,,,,,,,,,,,,,,,,,,,,111115,125718,,,,38435,,10671,,,,
Colombia,COL,"Children out of school, primary, female",SE.PRM.UNER.FE,,,,,,,,,,,,,,,,,,,,,,,,,,,642288,,,,,564809,,,,,,,,64407,52356,132293,128008,,48946,47060,67536,75973,72498,64061,59277,55319,113260,134714,147281,126609,
Comoros,COM,"Children out of school, primary, female",SE.PRM.UNER.FE,,,,,,,,,,,,,,,,,,,,,,,,,,,,10599,,,,,,,15045,,,,,19816,17292,,,,,,,12303,,,,,,9563,11535,,
Cabo Verde,CPV,"Children out of school, primary, female",SE.PRM.UNER.FE,,,,,,,,,,,,,,,,,,,,,,2977,3417,4246,2287,1605,1191,696,,,,,,,,,,,,,737,1733,1786,2043,2496,2657,2774,2779,2710,2246,1479,978,448,347,463,776,
Costa Rica,CRI,"Children out of school, primary, female",SE.PRM.UNER.FE,,,,,,,,,,,20508,,17861,17024,,16418,13721,,16730,18620,17857,16751,19146,,,24978,23473,23834,,24709,25063,24234,,,,,,,,,,,,,,,,,,,,940,825,2761,7641,7417,
Caribbean small states,CSS,"Children out of school, primary, female",SE.PRM.UNER.FE,,,,,,,,,,,27767,28099,27350,29483,23618,33880,38000,27259,25905,25585,32175,30407,26263,24325,25875,26596,25647,20370,19814,11999,18807,27703,29311,32708,31856,30386,29052,29674,26400,26218,26143,29954,32315,33033,26296,26495,28304,27589,24265,27118,24558,23859,24699,26764,,,
Cuba,CUB,"Children out of school, primary, female",SE.PRM.UNER.FE,,,,,,,,,,,,,42743,35862,30705,,,,,13368,20642,32556,38627,37942,41517,50241,45086,34896,34932,32953,32484,34488,24438,21698,11741,12255,5197,6872,7638,7169,10473,13643,13565,21919,22791,21648,19102,11948,7689,,13,4183,10189,12925,24094,28246,
Curacao,CUW,"Children out of school, primary, female",SE.PRM.UNER.FE,,,,,,,,,,,,,,,,,,,,,,,,,,,,,,,,,,,,,,,,,,,,,,,,,,,,,,,,,
Cayman Islands,CYM,"Children out of school, primary, female",SE.PRM.UNER.FE,,,,,,,,,,,,,,,,,,,,,,,,,,,,,,,,,,,,,,,,,,,,,,,,,,,,,,,,,
Cyprus,CYP,"Children out of school, primary, female",SE.PRM.UNER.FE,,,,,,,,,,,,7790,8085,7978,8189,10244,10938,11028,10567,10066,10114,9116,10048,10169,10188,9955,8517,7309,7058,7228,7572,7733,8672,715,1003,1217,1296,1138,,773,511,697,386,369,403,75,138,209,358,298,140,198,436,544,572,485,
Czech Republic,CZE,"Children out of school, primary, female",SE.PRM.UNER.FE,,,,,,,,,,,,,,,,,,,,,,,,,,,,,,,,,,,,,,,,,,,,,,,,,,,,,,,,,
Germany,DEU,"Children out of school, primary, female",SE.PRM.UNER.FE,,,,,,,,,,,,,,,,,,,,,,,,,,,,,,,,,,,,,,,,,,,,,,,,,,,,,,,,,
Djibouti,DJI,"Children out of school, primary, female",SE.PRM.UNER.FE,,,,,,,,,,,,,,,,,,,,,,,,,,27422,28564,30685,32584,34091,34889,,35869,37507,38583,39981,42330,44815,,47393,47064,45237,43937,,40461,38565,35922,32728,24566,24568,,20855,,21527,18734,21582,
Dominica,DMA,"Children out of school, primary, female",SE.PRM.UNER.FE,,,,,,,,,,,,,,,,,502,424,,743,950,778,780,,,,,,,,,,,,,,,,,,,,,,10,137,182,466,432,48,,,,,,,
Denmark,DNK,"Children out of school, primary, female",SE.PRM.UNER.FE,,,,,,,,,,,,,,,,,,,,,,9621,7756,3857,2154,1895,2629,1867,1504,3629,3691,2771,4319,5050,2217,2429,3043,,,3057,2391,,,,2190,6353,5399,4215,4533,4714,5153,3733,2850,2228,2945,2626,
Dominican Republic,DOM,"Children out of school, primary, female",SE.PRM.UNER.FE,,,,,,,,,,,,,,,,,,,,,,,,,,,,,,,,,,,,,,,,90493,86168,,68228,89691,99196,89374,94268,62364,83882,54759,63031,60551,71430,77067,90684,72437,
Algeria,DZA,"Children out of school, primary, female",SE.PRM.UNER.FE,,,,,,,,,,,,,,589807,559643,538301,517774,498428,487011,490898,485119,491048,507138,526871,522045,523184,506303,487538,472496,455074,448068,411661,384899,388898,381226,370065,369571,372087,,278997,250964,198374,161366,142680,121260,110495,102663,92175,63036,,,,,,,,
East Asia & Pacific (excluding high income),EAP,"Children out of school, primary, female",SE.PRM.UNER.FE,,,,,,,,,,,,,,,,,,,,,,,,,,,10969859,7076843,5361166,5109337,5388822,5185185,5220528,5817214,6667306,7798933,8580760,,7511571,5701863,5287715,4623051,2443502,2648598,2778048,4636878,4903592,3813888,3678411,3320921,2975856,2580154,2809034,2961459,2993418,,
Early-demographic dividend,EAR,"Children out of school, primary, female",SE.PRM.UNER.FE,,,,,,,,,,,40796112,42090832,41119648,39747264,40766616,39589408,39199068,38469008,40394716,40963988,40294264,39953312,38939112,38435992,37932156,38471672,37909264,39391100,38151360,36236816,36936404,36905476,37243000,36439448,35226436,35842856,34929556,35224556,35391300,33983780,31354044,29739444,28541610,22544592,20410874,18293028,16471881,13531964,12556975,12036512,11227705,10511367,10435472,9987130,10270013,,
East Asia & Pacific,EAS,"Children out of school, primary, female",SE.PRM.UNER.FE,,,,,,,,,,,,,,,,,,,,,,,,,,14900030,11047993,7127720,5403832,5151716,5442034,5250106,5290394,5908374,6746412,7891425,8666863,,7603272,5781450,5362776,4708577,2533860,2718400,2844816,4697266,4960987,3863703,3726941,3380772,3041212,2635237,2867453,3055246,3086232,,
Europe & Central Asia (excluding high income),ECA,"Children out of school, primary, female",SE.PRM.UNER.FE,,,,,,,,,,,,,,,,,,,,,,,,,,,,,,,,,836446,991044,1042918,1121723,1115938,1198935,1111669,1007593,827748,600668,446221,489661,442667,627776,594119,554540,533995,551455,504836,485938,516727,495048,538289,,
Europe & Central Asia,ECS,"Children out of school, primary, female",SE.PRM.UNER.FE,,,,,,,,,,,,,,2185344,2168430,2119099,1989957,1956728,1933838,1871732,1891539,2046447,2011003,2048891,1812197,1813525,1652828,1586046,1440250,1505489,1475151,1366102,1427778,1543836,1611313,1659277,1593866,1540254,1289075,1163655,973582,741082,599874,667794,672664,859836,814528,772642,706674,716600,639105,623363,638992,622427,691112,,
Ecuador,ECU,"Children out of school, primary, female",SE.PRM.UNER.FE,,,,,,,,,,,,103230,,106672,102944,106842,106876,92438,84048,68605,78231,,,,,,,,,,,,,,57750,55751,47585,29034,24589,25641,21169,8812,,,,,,,,12694,20473,,,20828,8244,9383,7538
"Egypt, Arab Rep.",EGY,"Children out of school, primary, female",SE.PRM.UNER.FE,,,,,,,,,,,,1289344,1311342,1342975,,,,,1326148,,,,,,,,,,,,,,,,816070,,,742991,,705435,579451,480957,388975,296144,179822,,,,,,,,27909,,33219,,
Euro area,EMU,"Children out of school, primary, female",SE.PRM.UNER.FE,,,,,,,,,,,489905,495049,480061,490615,446769,425341,383120,380163,343148,311923,303821,289792,312703,361815,372659,361063,280980,260663,240581,230552,250630,247367,293871,294862,334029,288900,221752,158381,75737,53677,48984,57124,63003,81091,104963,114143,111617,88835,83578,79356,72336,82119,69231,73023,96690,,
Eritrea,ERI,"Children out of school, primary, female",SE.PRM.UNER.FE,,,,,,,,,,,,,,,,,,,,,,,,,,,,,,,,,188718,,192708,195283,196466,197874,,189431,177036,171383,158180,145762,138889,134400,135027,147507,159019,171279,183321,184897,186120,205607,212372,223623,
Spain,ESP,"Children out of school, primary, female",SE.PRM.UNER.FE,,,,,,,,,,,,86715,63233,51327,,,,,17310,12485,,,,,,,,,19597,9110,11614,,3050,,,,,,,1048,178,776,690,1119,2043,4852,4423,1837,819,1040,2002,2011,1809,3529,11486,4907,
Estonia,EST,"Children out of school, primary, female",SE.PRM.UNER.FE,,,,,,,,,,,,,,,,,,,,,,,,,,,,,,,,,,,,9045,6499,,,10,13,13,,927,1287,1461,1672,1142,1369,1503,481,81,66,209,1521,1681,
Ethiopia,ETH,"Children out of school, primary, female",SE.PRM.UNER.FE,,,,,,,,,,,,,,,,,,,,,,,,,,,,2558422,2635974,2748673,,,,,3751628,3826832,3806033,,3690367,3635695,3497131,3342293,3302575,3350457,3244754,2646058,2391974,2116440,1788760,1822672,2014672,1777390,1705794,,1275983,1335613,
European Union,EUU,"Children out of school, primary, female",SE.PRM.UNER.FE,,,,,,,,,,,741287,740748,721763,757445,719546,715197,680278,687442,670308,661693,646442,673548,665071,715627,727279,749749,673183,626192,611520,648918,698651,729012,781541,724991,678059,615102,534852,401290,211884,205528,195239,188750,187329,195376,236922,245253,244150,238892,195933,189345,161032,169522,162674,177147,202346,,
Fragile and conflict affected situations,FCS,"Children out of school, primary, female",SE.PRM.UNER.FE,,,,,,,,,,,7937266,8138455,8213292,8176378,8428201,8532444,8535913,8529366,8632817,8435075,8158100,7948253,8258043,8330211,8457834,8715204,8738338,9115214,9235996,9738661,10407879,9817705,10149787,10308278,10379704,10598223,11097652,11508083,11727125,12076450,12170238,11954489,11498814,10990726,10763002,10815756,10592093,10447875,9982224,10081841,10034085,9895442,9336851,9589016,9509766,,
Finland,FIN,"Children out of school, primary, female",SE.PRM.UNER.FE,,,,,,,,,,,,,,,,,,,,,,,,,,,,,,,,,,2222,2225,2871,2267,2034,1004,,,334,862,2392,4223,4632,5293,4424,4165,3952,3456,2896,1259,333,196,193,
Fiji,FJI,"Children out of school, primary, female",SE.PRM.UNER.FE,,,,,,,,,,,,,,,,,,,,,,,,,,,,,,,,,1816,,1568,2270,3797,3564,2918,2955,2800,1043,,51,325,,220,,,171,,,,780,,802,
France,FRA,"Children out of school, primary, female",SE.PRM.UNER.FE,,,,,,,,,,,,40450,37486,,,,,,,,,,28006,67701,,76428,25497,,,,,,7339,38281,44357,25802,5936,6515,,3250,3497,3595,3425,7177,12868,9877,12937,13135,13763,11057,10704,10124,10181,7010,6756,,
Faroe Islands,FRO,"Children out of school, primary, female",SE.PRM.UNER.FE,,,,,,,,,,,,,,,,,,,,,,,,,,,,,,,,,,,,,,,,,,,,,,,,,,,,,,,,,
"Micronesia, Fed. Sts.",FSM,"Children out of school, primary, female",SE.PRM.UNER.FE,,,,,,,,,,,,,,,,,,,,,,,,,,,,,,,,,,,,,,,,,,,,,,,,,,,,,,,826,1013,
Gabon,GAB,"Children out of school, primary, female",SE.PRM.UNER.FE,,,,,,,,,,,,,,,,,,,,,,,,,,,,,,,,,,,,,,7884,,,,,,,,,,,,,,,,,,,
United Kingdom,GBR,"Children out of school, primary, female",SE.PRM.UNER.FE,,,,,,,,,,,,50341,78610,105342,116655,114517,106349,96494,91527,84940,50059,49946,68294,101643,111870,128143,94239,35378,2708,,,32331,67609,,,,,,3817,510,377,,3329,304,13804,203,2741,42954,19799,26465,11728,4775,5557,,,,
Georgia,GEO,"Children out of school, primary, female",SE.PRM.UNER.FE,,,,,,,,,,,,,,,,,,,,,,,,,,,,,,,,,,,,28880,26681,25716,,,,,,,21412,17719,6851,8644,,,,,,,,,
Ghana,GHA,"Children out of school, primary, female",SE.PRM.UNER.FE,,,,,,,,,,,,,,,,,,,,,,,,,,,,,,,,,,,,,,,,559193,514910,598331,568872,589650,,536072,540734,449966,364546,398962,,283703,,241632,199242,166688,222539
Gibraltar,GIB,"Children out of school, primary, female",SE.PRM.UNER.FE,,,,,,,,,,,,,,,,,,,,,,,,,,,,,,,,,,,,,,,,,,,,,,,,,,,,,,,,,
Guinea,GIN,"Children out of school, primary, female",SE.PRM.UNER.FE,,,,,,,,,,,,,,,,,,,,,,,,,293172,297943,312250,329653,338735,352252,370409,380733,,,,,,,456041,447066,428539,409802,368221,347189,328789,315672,299962,290887,307667,306622,305808,271472,284518,284935,260689,,
"Gambia, The",GMB,"Children out of school, primary, female",SE.PRM.UNER.FE,,,,,,,,,,,,24831,26316,27470,28836,30209,31690,30691,29744,30756,30675,28602,28657,28281,27827,27777,28867,,,,,,47762,47034,,,41441,,38451,28360,29921,28337,31249,26109,25306,28529,24254,25079,30975,,37779,38583,35872,43426,39847,36118,33385
Guinea-Bissau,GNB,"Children out of school, primary, female",SE.PRM.UNER.FE,,,,,,,,,,,,,,,,,,,,,,45011,43332,,45840,46706,,52423,54922,,,,,,,,,,,,64302,,,,,,,,,,39845,,,,,,
Equatorial Guinea,GNQ,"Children out of school, primary, female",SE.PRM.UNER.FE,,,,,,,,,,,,,,,,,,,,,,,,,,,,,,,,,,,5616,,,,,,14138,11163,12431,12571,,,,,23702,24181,24445,23638,22806,,,25211,
Greece,GRC,"Children out of school, primary, female",SE.PRM.UNER.FE,,,,,,,,,,,,11190,10144,8564,6693,10269,12962,17241,20178,22545,25994,11756,6757,,,,,10181,9202,14411,17953,17801,21947,29242,32562,26146,33685,33707,11429,10056,5415,7787,7700,7453,10224,12724,13799,11357,,,6934,8330,8394,10292,12627,,
Grenada,GRD,"Children out of school, primary, female",SE.PRM.UNER.FE,,,,,,,,,,,,,1845,,,,,197,,,479,769,1013,997,766,,,,,,,,,,,,,,,,,,359,,105,629,,423,240,49,,,,97,170,152,
Greenland,GRL,"Children out of school, primary, female",SE.PRM.UNER.FE,,,,,,,,,,,,,,,,,,,,,,,,,,,,,,,,,,,,,,,,,,,,,,,,,,,,,,,,,
Guatemala,GTM,"Children out of school, primary, female",SE.PRM.UNER.FE,,,,,,,,,,,234564,238968,244506,,253289,255733,,,266492,,,261774,283406,273073,,,,,,,,,,,,,,279310,,194429,167206,175653,142285,,98731,83829,69791,57743,56642,17472,16658,38395,72099,101212,127722,138887,
Guam,GUM,"Children out of school, primary, female",SE.PRM.UNER.FE,,,,,,,,,,,,,,,,,,,,,,,,,,,,,,,,,,,,,,,,,,,,,,,,,,,,,,,,,
Guyana,GUY,"Children out of school, primary, female",SE.PRM.UNER.FE,,,,,,,,,,,,10379,10136,,6795,,6022,1991,,4379,,,8521,,,,,,,,,,,,,3550,3934,,,,,,,6944,,,,,6531,10630,9754,9207,9098,,,,
High income,HIC,"Children out of school, primary, female",SE.PRM.UNER.FE,,,,,,,,,,,,3563821,3568595,3420879,3533320,3365995,3077082,3008384,2897665,2857116,2134418,2147445,1965858,2166493,2298446,2274395,2050252,1812501,1696000,1641712,1593038,1662319,1877650,1997934,2002684,1847153,1785777,1882199,1217603,1115399,1091599,1054883,1206225,1266983,1380472,1263916,1070587,955148,871940,939374,1031495,1092270,1090246,1154722,1110125,,
"Hong Kong SAR, China",HKG,"Children out of school, primary, female",SE.PRM.UNER.FE,,,,,,,,,,,,,,,,,,,,,,,,,,,,,,,,,,,,,,,,,,,,,,,,,,,,,,,,,
Honduras,HND,"Children out of school, primary, female",SE.PRM.UNER.FE,,,,,,,,,,,,,,,,,,,,70352,69874,,38584,31797,28074,,26665,,,,,47550,,44832,,,,,,,55703,,,31942,20888,42452,15701,39136,15958,13648,16229,10431,11111,24762,25029,28456,
Heavily indebted poor countries (HIPC),HPC,"Children out of school, primary, female",SE.PRM.UNER.FE,,,,,,,,,,,,,13192153,13332703,13525996,13417406,13305903,13220270,13242677,13290744,13149295,13150628,13674951,13864682,14308232,14739629,15065276,15794736,16235425,17036988,17838688,17834988,18577686,19173028,19390436,19346824,19925648,19471004,19876148,20214608,19995636,19369948,18355650,17543776,16765111,16032079,15234759,14710203,13463049,13659335,13955730,13491663,12991835,12623940,12418911,,
Croatia,HRV,"Children out of school, primary, female",SE.PRM.UNER.FE,,,,,,,,,,,,,,,,,,,,,,,,,,,,,,,,,,,,,,,17911,8103,6448,4154,1948,620,,73,156,107,1407,7660,3748,1664,360,270,270,277,
Haiti,HTI,"Children out of school, primary, female",SE.PRM.UNER.FE,,,,,,,,,,,,,,,,,,,,,,270910,255628,239484,261049,248446,242770,289237,,,,,,,,,,280430,,,,,,,,,,,,,,,,,,,
Hungary,HUN,"Children out of school, primary, female",SE.PRM.UNER.FE,,,,,,,,,,,,,,,,,,,,,,,,,,,,,,,,,,,,,55009,33516,9417,9317,7903,6725,6378,9186,9736,8200,6465,6617,3932,2160,2322,3832,5781,7386,7737,8005,
IBRD only,IBD,"Children out of school, primary, female",SE.PRM.UNER.FE,,,,,,,,,,,47694376,49557780,49212472,44427628,43279148,41297212,41482156,44783036,51282060,52372092,51143164,48981528,47851472,46493340,44514296,40144388,35210176,32929416,30585012,28474688,28531044,28342892,28833972,28308696,28054056,29563214,29454470,,28468580,25158548,22757220,20933180,17876162,12591440,11222451,11868924,10932539,8638297,7242249,7296291,6689338,6559766,6561072,6845717,7131228,,
IDA & IBRD total,IBT,"Children out of school, primary, female",SE.PRM.UNER.FE,,,,,,,,,,,74455624,77296880,76424712,71164656,70256128,67786672,67752552,70827168,77538040,78259144,76412456,74282952,73516400,72744152,71456200,68300824,64720556,63546748,61324632,60339944,61388328,61149176,62057208,61852752,61893124,63798204,65078296,,63631640,60331648,56773408,54198796,49966120,43066800,40086904,39446240,37495080,33907676,32433896,31934170,31512640,30799980,30420808,30725082,30976412,,
IDA total,IDA,"Children out of school, primary, female",SE.PRM.UNER.FE,,,,,,,,,,,,,,,,26489460,26270396,26044132,26255982,25887050,25269292,25301422,25664926,26250812,26941902,28156434,29510380,30617332,30739620,31865256,32857288,32806284,33223236,33544054,33839072,34234992,35623824,35042444,35163060,35173104,34016188,33265616,32089956,30475360,28864452,27577314,26562540,25269378,25191648,24637880,24823300,24240212,23859736,23879364,23845184,,
IDA blend,IDB,"Children out of school, primary, female",SE.PRM.UNER.FE,,,,,,,,,,,,,,,,,,,,,,,,,,,,,,,,,,,,,,,10767737,10446139,10118887,10118433,10231156,10048544,9503172,9280608,9340817,8834734,9435918,9082741,8864909,9057995,9196293,9574803,9571745,,
Indonesia,IDN,"Children out of school, primary, female",SE.PRM.UNER.FE,,,,,,,,,,,,3158622,3141955,,3562982,3162470,2910525,,2074248,,,1663321,,,,,,422500,,475971,674600,790333,933444,1084350,1045218,1090244,1147133,1150519,,,,585379,645553,766658,881489,1094703,934147,670689,677076,611359,380792,227611,556230,855416,1043640,1352002,
IDA only,IDX,"Children out of school, primary, female",SE.PRM.UNER.FE,,,,,,,,,,,19227636,20111612,19462200,18909726,19003656,18347612,17991734,18120160,18141162,17928626,17728364,18171086,18802592,19279854,19721126,20527940,21052080,21923220,21497408,22090160,22850850,22682752,23120144,23668834,23806684,23834956,24295320,24021252,24395322,24726964,23897302,23147182,21858800,20426816,19361280,18296708,17221724,16434644,15755729,15555139,15958392,15182218,14663441,14304561,14273439,,
Isle of Man,IMN,"Children out of school, primary, female",SE.PRM.UNER.FE,,,,,,,,,,,,,,,,,,,,,,,,,,,,,,,,,,,,,,,,,,,,,,,,,,,,,,,,,
India,IND,"Children out of school, primary, female",SE.PRM.UNER.FE,,,,,,,,,,,,18054748,,,,,,,,,,,,,,,,,,,17687004,,,,,,,,,,13416546,13016778,12829139,7354612,,,,2248144,1406158,1865020,1688497,1695210,1384677,931474,,,
Not classified,INX,"Children out of school, primary, female",SE.PRM.UNER.FE,,,,,,,,,,,,,,,,,,,,,,,,,,,,,,,,,,,,,,,,,,,,,,,,,,,,,,,,,
Ireland,IRL,"Children out of school, primary, female",SE.PRM.UNER.FE,,,,,,,,,,,,7990,10805,10516,11775,10199,8282,6937,6224,8190,12068,17893,24207,28611,,,30638,28723,26117,24191,22688,23784,25296,25340,24383,22992,20723,,502,,,,,,,,,,,,25,2049,446,975,977,,
"Iran, Islamic Rep.",IRN,"Children out of school, primary, female",SE.PRM.UNER.FE,,,,,,,,,,,,,,,,,,,,,,,,,742041,742991,725071,740819,706419,682306,476684,,283297,,,,,379640,,673018,661766,,304839,291839,169325,152479,,4670,,,,,,,,,
Iraq,IRQ,"Children out of school, primary, female",SE.PRM.UNER.FE,,,,,,,,,,,,492099,507401,518651,527656,530236,490798,474668,455233,214638,139820,133483,,192602,,235600,230871,216709,193676,235883,,,,406961,,,481422,,,303671,328460,,,,268619,,,293087,,,,,,,,,
Iceland,ISL,"Children out of school, primary, female",SE.PRM.UNER.FE,,,,,,,,,,,,,,,,,,,,,,,,,,,,,,,,,,,386,,225,196,188,,,,,,488,499,393,256,165,100,153,171,162,203,,,
Israel,ISR,"Children out of school, primary, female",SE.PRM.UNER.FE,,,,,,,,,,,,,,,,,,,,,,,,,,,,,,,,,,,,,,,,8128,7397,5077,6148,5915,6870,7223,8616,8016,8454,10036,8404,10016,7823,9801,10626,8636,
Italy,ITA,"Children out of school, primary, female",SE.PRM.UNER.FE,,,,,,,,,,,,,,,,,18498,,,9222,,,,,,12870,,,,,,,,,,,28920,14562,,,3740,6083,7357,9399,9231,15018,16786,18501,19538,17910,15542,20569,14079,10705,13497,17561,
Jamaica,JAM,"Children out of school, primary, female",SE.PRM.UNER.FE,,,,,,,,,,,,,,,,10722,15398,13483,,5628,4379,5153,,2034,3717,4855,4200,3029,6767,651,2583,5409,,12867,,,,,,13045,10672,11066,11542,13353,10386,,,,,,,,,,,,
Jordan,JOR,"Children out of school, primary, female",SE.PRM.UNER.FE,,,,,,,,,,,,,21661,,,,,,,,9030,12537,14318,19420,20633,16212,,,,,,,,,,,,,,4701,,,,,,,,6343,18679,,45000,52048,60532,52036,,,
Japan,JPN,"Children out of school, primary, female",SE.PRM.UNER.FE,,,,,,,,,,,,,28538,54388,128434,58585,,,,,,,7691,32691,23671,,,,,,,,,,,,,,,,,,,,,,,,,,2036,1658,1849,1633,1617,,
Kazakhstan,KAZ,"Children out of school, primary, female",SE.PRM.UNER.FE,,,,,,,,,,,,,,,,,,,,,,,,,,,,,,,,,,,,,,,,,30594,14560,8037,5269,4893,4513,9383,11955,5590,1711,,1449,1534,1699,1971,446,473
Kenya,KEN,"Children out of school, primary, female",SE.PRM.UNER.FE,,,,,,,,,,,,,,,,,,,,,,,,,,,,,,,,,,,,,,,,958962,861725,829879,979252,664947,701839,663091,669455,379107,501527,483771,,,413319,,,,
Kyrgyz Republic,KGZ,"Children out of school, primary, female",SE.PRM.UNER.FE,,,,,,,,,,,,,,,,,,,,,,,,,,,,,,,,,,,,,23170,,,16971,18490,17411,17527,17841,6336,11947,9895,11799,12886,13712,12635,12443,6074,4170,4892,5284,
Cambodia,KHM,"Children out of school, primary, female",SE.PRM.UNER.FE,,,,,,,,,,,,,,,,,,,,,,,,,,,,,,,,,,,,,,245278,225540,195226,135251,,,44906,,,62688,60689,71168,,69514,43181,43991,,57357,34780,
Kiribati,KIR,"Children out of school, primary, female",SE.PRM.UNER.FE,,,,,,,,,,,,,,,,,,,,,,,,,,59,80,294,,97,,,,,,,,,,,,,,,,,,,,,,,,,,,
St. Kitts and Nevis,KNA,"Children out of school, primary, female",SE.PRM.UNER.FE,,,,,,,,,,,,,,,,,,,,,,,,,,668,465,,,,,,,,,,,,,,,,,56,25,109,,311,556,216,455,367,475,526,568,593,
"Korea, Rep.",KOR,"Children out of school, primary, female",SE.PRM.UNER.FE,,,,,,,,,,,,109959,55818,79479,97039,93673,66033,85239,72548,27192,,,,,15310,27675,26684,,,,,,,,,,,,8051,87,73,5326,11020,,,,,2767,3279,18168,23315,20568,19126,52963,49498,19085,
Kuwait,KWT,"Children out of school, primary, female",SE.PRM.UNER.FE,,,,,,,,,,,,19345,18889,18691,19424,19218,18163,15945,13662,16222,16254,15803,15089,12562,11019,10386,9808,13620,15647,,,,52012,,26282,,9062,7222,,337,587,40,,,,4062,,830,44,,508,338,556,776,799,,
Latin America & Caribbean (excluding high income),LAC,"Children out of school, primary, female",SE.PRM.UNER.FE,,,,,,,,,,,3462769,3488564,3472724,3400521,3323020,3336436,3246472,3073083,2993622,2692728,2673675,2498850,2529290,2554529,2586747,2532535,2550381,2504021,2559268,2750162,2613692,2524760,2285836,2215964,2337476,2345746,2258994,2206232,1726108,1389500,1205031,1189195,1209827,1494868,1407711,1246013,1399649,1530834,1293113,1165773,1170803,1173448,1254001,1588698,1640718,,
Lao PDR,LAO,"Children out of school, primary, female",SE.PRM.UNER.FE,,,,,,,,,,,,,,,,,,,,,,,,,,,,,,,,,137104,128254,121682,,120316,114921,106923,106628,106295,110122,107923,98554,93520,86585,79390,67992,56572,44900,27315,25910,26384,20224,20826,29391,
Lebanon,LBN,"Children out of school, primary, female",SE.PRM.UNER.FE,,,,,,,,,,,,,,,,,,,,,,,,,,,,,,,,,,,,,,25833,,,,,,7632,13514,25268,33677,31157,28552,26159,22014,22357,30002,34523,48698,51555,
Liberia,LBR,"Children out of school, primary, female",SE.PRM.UNER.FE,,,,,,,,,,,,,,,,,,,,,,,,,,,,,,,,,,,,,,,,122040,,,,,,,168727,,167352,183644,,194833,,,220411,227470,
Libya,LBY,"Children out of school, primary, female",SE.PRM.UNER.FE,,,,,,,,,,,,60104,45339,,,,,,22514,,,,,,,,,,,,,,,,,,,,,,,,,,,,,,,,,,,,,,
St. Lucia,LCA,"Children out of school, primary, female",SE.PRM.UNER.FE,,,,,,,,,,,,,,,,,,,,,,353,263,,,,,,,,475,,,,,,,,,,1389,1399,342,490,745,986,705,789,,,,,,,,,
Latin America & Caribbean,LCN,"Children out of school, primary, female",SE.PRM.UNER.FE,,,,,,,,,,,3490278,3514430,3500801,3427359,3356889,3368485,3271295,3096244,3019508,2729730,2723951,2530598,2580021,2611398,2660067,2597739,2626011,2590150,2654293,2841140,2698691,2615498,2404010,2337330,2464361,2476191,2392230,2313243,1813490,1455043,1267631,1256447,1279515,1573514,1448196,1293012,1445958,1576944,1340258,1228925,1226388,1243486,1326326,1665257,1712949,,
Least developed countries: UN classification,LDC,"Children out of school, primary, female",SE.PRM.UNER.FE,,,,,,,,,,,18160444,19027672,18344456,17774746,18083044,17400976,16989120,17068864,17003922,16960132,16737410,17177124,17841216,18275948,18603820,19359636,19774856,20584782,20073972,20643576,21293448,21136692,21551032,21998304,22099156,22034100,22447506,22201874,22570200,22881802,22168840,21423206,20033158,18865888,17718192,16717819,15602863,15299467,14550853,14331914,14891955,14312191,13842880,13561652,13568624,,
Low income,LIC,"Children out of school, primary, female",SE.PRM.UNER.FE,,,,,,,,,,,,,,11776001,11921455,11802041,11674606,11514317,11524246,11547424,11261353,11523607,11988442,12080576,12447794,12860519,13119202,13899422,14257317,14814892,15541629,15540200,16202731,16713389,16904796,16811784,17252656,16848240,17289652,17581872,17289242,16835276,15741857,14914323,14199175,13579867,12571559,12114502,11132294,11078184,11436989,11138167,10812609,10753527,10733757,,
Liechtenstein,LIE,"Children out of school, primary, female",SE.PRM.UNER.FE,,,,,,,,,,,,,,,,,,,,,,,,,,,,,,,,,,,,,,,,,,,,,,,,,,,,,,,18,,
Sri Lanka,LKA,"Children out of school, primary, female",SE.PRM.UNER.FE,,,,,,,,,,,,,,,,,,,,,,,,,,,,,,,,,,,,,,,,,,,,2290,,21979,28356,32398,40517,61320,49606,50364,49055,39088,31010,,
Lower middle income,LMC,"Children out of school, primary, female",SE.PRM.UNER.FE,,,,,,,,,,,39167732,40323260,40146272,39027160,40052984,39094040,39013976,38040192,39564256,39498816,38842200,37936548,36794472,36334816,36104736,36994532,37183028,38821824,38003780,37029076,38130792,38470040,38693052,37383244,36077524,36886848,36891832,37202192,37102020,35643064,33002994,31779604,31239158,24975512,22914400,21266380,19887514,17093954,16973206,16589739,15397692,14900912,14856461,15274508,15691923,,
Low & middle income,LMY,"Children out of school, primary, female",SE.PRM.UNER.FE,,,,,,,,,,,,,,,,,,,,,,,,,,,,,,,,,,,,,,,,,,,,,,,,,,,,,,,,,
Lesotho,LSO,"Children out of school, primary, female",SE.PRM.UNER.FE,,,,,,,,,,,25926,,31390,32338,23406,,23395,22493,32364,31153,32330,34076,29835,32189,31871,29259,29443,26763,25268,27232,30385,27811,28131,33437,32968,36838,36764,,54110,62248,27285,27434,27661,28056,33402,35396,35537,40915,38388,36482,33169,30629,27745,30542,29694,30075,
Late-demographic dividend,LTE,"Children out of school, primary, female",SE.PRM.UNER.FE,,,,,,,,,,,,,,,,,,,,,,,,,,,11526382,7817037,6196205,6174949,6046356,5931586,5817702,6226258,7039601,7966468,8659650,,7126954,5212366,4534889,3993894,1820252,2055463,1796961,3322195,3682233,3115222,2560561,2389813,2421282,2403612,2369572,2681345,2547693,,
Lithuania,LTU,"Children out of school, primary, female",SE.PRM.UNER.FE,,,,,,,,,,,,,,,,,,,,,,,,,,,,,,,,,,,,,,,2328,2134,2062,2142,2031,3490,6797,6840,5179,2484,774,426,363,1059,654,77,66,68,
Luxembourg,LUX,"Children out of school, primary, female",SE.PRM.UNER.FE,,,,,,,,,,,,,1259,1394,1145,1280,1316,1276,1330,,,2824,1932,2095,2171,,2109,2479,1682,,,,,,,,,,,248,281,482,471,645,531,293,201,205,310,,669,762,696,686,673,,
Latvia,LVA,"Children out of school, primary, female",SE.PRM.UNER.FE,,,,,,,,,,,,,,,,,,,,,,,,,,,,,,,,,,,,,,,,2157,,,,,,,,,1681,655,456,527,592,586,1483,1787,
"Macao SAR, China",MAC,"Children out of school, primary, female",SE.PRM.UNER.FE,,,,,,,,,,,,,,,,,,,,,,,,,,,,,,,2343,,2143,,,,,,,2815,2737,2960,2548,2200,2034,1913,1851,1783,1889,2065,2029,1746,1718,1503,997,524,
St. Martin (French part),MAF,"Children out of school, primary, female",SE.PRM.UNER.FE,,,,,,,,,,,,,,,,,,,,,,,,,,,,,,,,,,,,,,,,,,,,,,,,,,,,,,,,,
Morocco,MAR,"Children out of school, primary, female",SE.PRM.UNER.FE,,,,,,,,,,,,,,,,897782,867438,845204,818680,797850,773073,743121,736973,712274,692867,716743,749006,782690,815210,855579,857248,1040255,1045517,1019307,971438,913530,857759,813146,786042,665727,554374,457022,361790,325591,320559,295498,262744,227349,198553,176172,97035,49730,38712,20094,20186,,
Monaco,MCO,"Children out of school, primary, female",SE.PRM.UNER.FE,,,,,,,,,,,,,,,,,,,,,,,,,,,,,,,,,,,,,,,,,,,,,,,,,,,,,,,,,
Moldova,MDA,"Children out of school, primary, female",SE.PRM.UNER.FE,,,,,,,,,,,,,,,,,,,,,,,,,,,,,,,,,,,,,,,,,9634,6466,4693,3936,3396,6178,7900,8578,7914,7930,7228,7018,6807,6710,7270,7506,
Madagascar,MDG,"Children out of school, primary, female",SE.PRM.UNER.FE,,,,,,,,,,,,,208174,,,,,,,,,,,,,,,,,264889,263135,,,,,368240,404586,,,388737,382214,375192,376630,273476,,,,,,,,,,,,,
Maldives,MDV,"Children out of school, primary, female",SE.PRM.UNER.FE,,,,,,,,,,,,,,,,,,,,,,,,,,,,,,,,,,,,,,1389,,1215,681,345,368,,,397,544,689,1799,903,,,,,,,870
Middle East & North Africa,MEA,"Children out of school, primary, female",SE.PRM.UNER.FE,,,,,,,,,,,5834533,6019612,5656616,5616500,5644814,5343884,5124491,4998234,4917100,5182403,4838178,5012319,4866911,4851378,4767146,4807346,4758793,4711258,4667062,4789285,4397460,4343294,5041466,5035876,4654967,5013174,4488298,4509475,4418349,4279905,3998118,3421650,2914349,2590342,2300510,2230440,2131954,1855283,1739063,1601866,1331083,1289235,1209035,1383037,1505244,,
Mexico,MEX,"Children out of school, primary, female",SE.PRM.UNER.FE,,,,,,,,,,,,948418,,,,,,,,,,,,,,,,,,,,,,,,,,296837,292380,90005,64375,76152,36241,79754,157377,252534,322467,347760,356807,309685,243397,182144,137703,141671,128037,,
Marshall Islands,MHL,"Children out of school, primary, female",SE.PRM.UNER.FE,,,,,,,,,,,,,,,,,,,,,,,,,,,,,,,,,,,,,,,,,,,92,,,,,,,,,,,,,822,
Middle income,MIC,"Children out of school, primary, female",SE.PRM.UNER.FE,,,,,,,,,,,62742712,65383668,64645864,59285660,58232808,55867960,55953776,59186888,65886268,66590716,65028424,62673724,61451468,60583808,58910180,55356272,51498672,49519688,46928796,45351632,45648612,45398640,45596192,44894964,44715524,46678600,47685888,,45040756,42576008,39388816,37408276,34255408,27907708,25638068,25527228,24607146,21448452,20918268,20375402,19319244,18889850,18919184,19650932,19877984,,
"Macedonia, FYR",MKD,"Children out of school, primary, female",SE.PRM.UNER.FE,,,,,,,,,,,,,,,,,,,,,,,,,,,,,,,,,,,,,,,3759,3934,2102,1641,2298,3361,3669,4098,5119,5684,7584,6915,4546,,7575,7884,7221,5267,
Mali,MLI,"Children out of school, primary, female",SE.PRM.UNER.FE,,,,,,,,,,,,374392,,,,,,,,,,,,,,,,,,,,,,,,,,,,533747,,,506461,522929,517836,504275,500772,491945,,445720,443264,440172,478514,,553371,614230,
Malta,MLT,"Children out of school, primary, female",SE.PRM.UNER.FE,,,,,,,,,,,,3323,3571,3622,3242,2700,1903,1021,677,513,931,1270,1077,1632,1443,957,994,1213,1117,892,677,645,675,627,791,723,247,35,,,,,,,,,,,,,,118,221,36,34,28,
Myanmar,MMR,"Children out of school, primary, female",SE.PRM.UNER.FE,,,,,,,,,,,,804102,,726539,892712,,,,855101,,,,,,,,,,,,,,,,,,,,,,273100,242948,281512,236818,274962,276411,300358,143984,282993,332018,335948,,,,,,
Middle East & North Africa (excluding high income),MNA,"Children out of school, primary, female",SE.PRM.UNER.FE,,,,,,,,,,,5421521,5588587,5215113,5160576,5170629,4853620,4617176,4473184,4367602,4597032,4231434,4375250,4209439,4177056,4083689,4116293,4071090,4018794,3968465,4080754,3677387,3594127,4286114,4295194,3933071,4321976,3831468,3889559,3841194,3727461,3470873,2921893,2436265,2133951,1865345,1814962,1723184,1478754,1396817,1307054,1145740,1115346,1085366,1271598,1396017,,
Montenegro,MNE,"Children out of school, primary, female",SE.PRM.UNER.FE,,,,,,,,,,,,,,,,,,,,,,,,,,,,,,,,,,,,,,,,,,,,447,,352,333,800,1004,,,1574,1060,,,1314,
Mongolia,MNG,"Children out of school, primary, female",SE.PRM.UNER.FE,,,,,,,,,,,,,,,,,,,,,,,,,,,,,,,,,,,,16426,13845,17340,12690,10843,7833,5549,6824,15098,7676,8791,2253,2541,2410,4198,3210,2787,3373,6149,5836,4107,
Northern Mariana Islands,MNP,"Children out of school, primary, female",SE.PRM.UNER.FE,,,,,,,,,,,,,,,,,,,,,,,,,,,,,,,,,,,,,,,,,,,,,,,,,,,,,,,,,
Mozambique,MOZ,"Children out of school, primary, female",SE.PRM.UNER.FE,,,,,,,,,,,,,,518792,,,,,,425034,,457432,475276,395287,,395657,413520,549432,,606109,,630913,656018,682388,685952,672991,,,945641,910636,871926,824260,906229,,724710,644227,582855,493300,428663,400958,375818,426866,428213,408894,395391,366227,
Mauritania,MRT,"Children out of school, primary, female",SE.PRM.UNER.FE,,,,,,,,,,,,,,,,,,,,,,,,,,,,,,,,,,,102625,94145,88690,,83087,85136,86978,82682,84337,79114,64157,68211,64090,63067,72718,77131,77449,76150,79230,74560,69010,55637,
Mauritius,MUS,"Children out of school, primary, female",SE.PRM.UNER.FE,,,,,,,,,,,,,16976,16424,15711,14637,14306,11905,13409,15287,14807,12074,7979,5781,3357,,841,,,,1331,3993,,3884,3424,2872,1710,1206,2389,4391,4240,4382,3237,3449,3000,2017,1892,1616,1638,1451,1362,1139,2725,1306,1201,1300,
Malawi,MWI,"Children out of school, primary, female",SE.PRM.UNER.FE,,,,,,,,,,,,,,,,,,,,,,,,,,,,,,,,,,,,,,,,47898,,,,,,,891,48564,,,,,,,,,
Malaysia,MYS,"Children out of school, primary, female",SE.PRM.UNER.FE,,,,,,,,,,,198621,197639,191192,,,,,,,,,,,,,,,,,,,,,,50585,,,,70853,83582,32597,46246,65240,52250,4758,,16851,24021,41064,19489,51382,44043,32561,16509,29446,24327,
North America,NAC,"Children out of school, primary, female",SE.PRM.UNER.FE,,,,,,,,,,,,,,,,,,,,,,,,,,741105,608659,444284,356817,278371,187876,211510,330260,485339,503316,389289,427086,356088,287868,260893,269282,239926,395630,474730,599258,500246,333369,260895,257354,350090,587529,651063,710809,891138,676854,,
Namibia,NAM,"Children out of school, primary, female",SE.PRM.UNER.FE,,,,,,,,,,,,,,,,,,,,,,,,,,,,,,22211,22736,,20401,,,,,,15920,15403,13638,12715,10310,11022,15879,16447,22469,17613,20027,20685,21347,,18617,14935,,,
New Caledonia,NCL,"Children out of school, primary, female",SE.PRM.UNER.FE,,,,,,,,,,,,,,,,,,,,,,,,,,,,,,,,,,,,,,,,,,,,,,,,,,,,,,,,,
Niger,NER,"Children out of school, primary, female",SE.PRM.UNER.FE,,,,,,,,,,,,,,360858,368629,,,,,,,,,,,,458837,,,505026,516571,523783,546444,,,,,617898,637052,649052,667999,666835,668029,665641,667391,693065,707913,724112,710098,694462,671522,633019,629700,657845,680251,686837,
Nigeria,NGA,"Children out of school, primary, female",SE.PRM.UNER.FE,,,,,,,,,,,,,,,,,,,,,,,,,,,,,,,,,,,,,,,,3990429,3794358,,,,3869481,3900796,3883429,4079958,4879980,4876912,4976430,,,,,,
Nicaragua,NIC,"Children out of school, primary, female",SE.PRM.UNER.FE,,,,,,,,,,,,92017,,93830,,,,,,,92752,,103729,105171,114183,99871,106183,103827,104468,113761,109783,103719,91222,90495,88607,95868,,,,62969,49447,33089,6130,,,,2435,3070,,,1043,,,,,,
Netherlands,NLD,"Children out of school, primary, female",SE.PRM.UNER.FE,,,,,,,,,,,,42917,48093,52581,60266,64161,60957,59891,56508,50273,45747,44323,52369,59930,64056,64366,33702,21767,12112,8088,7895,11397,18810,20222,2873,,,,,6091,5778,,,8078,12900,13485,11708,,,,,,,,,6370,
Norway,NOR,"Children out of school, primary, female",SE.PRM.UNER.FE,,,,,,,,,,,,,,,,,,,1368,1793,,2690,3084,,4308,6069,5984,4424,3685,1961,216,,389,1701,2310,2828,2627,29851,328,658,331,310,298,253,1036,2694,2177,1613,1172,1504,1837,1354,205,374,279,717,
Nepal,NPL,"Children out of school, primary, female",SE.PRM.UNER.FE,,,,,,,,,,,,,,,,,,,,,,,,654578,653075,,,,655176,,,,,,,,,,,642636,545926,,,421933,413048,,,,,,,34009,,,95591,56883,50085
Nauru,NRU,"Children out of school, primary, female",SE.PRM.UNER.FE,,,,,,,,,,,,,,,,,,,,,,,,,,,,,,,,,,,,,,,,,,,,,,,,,,,,,153,,116,,
New Zealand,NZL,"Children out of school, primary, female",SE.PRM.UNER.FE,,,,,,,,,,,,,,1788,1987,,,,,,,,,3255,,,,,,,,1902,4213,,4749,2474,2128,,978,1054,1649,5343,5963,3772,3598,2216,1958,892,645,662,601,947,2160,2577,2933,1894,
OECD members,OED,"Children out of school, primary, female",SE.PRM.UNER.FE,,,,,,,,,,,,4432042,4383849,4148738,4171036,4052598,3714258,3552175,3493161,3201542,2451840,2476388,2230803,2351884,2200825,2225044,1859937,1595149,1412910,1476647,1200468,1272730,1435880,1696319,1783454,1686311,1684393,1490956,1209152,889568,777952,740786,867769,986389,1187212,1174320,1053066,960537,947591,1077127,1195742,1232766,1289573,1494144,1290090,,
Oman,OMN,"Children out of school, primary, female",SE.PRM.UNER.FE,,,,,,,,,,,,,,61649,60923,59569,60191,,60453,60112,,60454,60621,59265,56012,54504,47408,49044,51944,52727,52465,51524,50607,44829,42545,40906,37571,34441,29218,26028,24288,22154,24919,30925,,,,,,9430,,3480,3423,2904,2787,3145,
Other small states,OSS,"Children out of school, primary, female",SE.PRM.UNER.FE,,,,,,,,,,,288831,300472,298498,292220,278995,261036,250276,247186,258675,264978,262422,254851,247890,249724,247481,242347,253332,261179,272033,288373,313636,321679,338237,346211,340742,354010,354388,356172,359263,367424,325194,303297,294494,290450,296260,297474,287379,283889,281220,272088,255927,246379,238728,248214,247026,,
Pakistan,PAK,"Children out of school, primary, female",SE.PRM.UNER.FE,,,,,,,,,,,,,,,,,,,,,,,,,,,,,,,,,,,,,,,,,,,4873730,4578098,4137056,3834092,3949909,3379106,3266771,3085492,2962060,3194221,3216427,3402004,3300032,3309514,
Panama,PAN,"Children out of school, primary, female",SE.PRM.UNER.FE,,,,,,,,,,,31903,22171,19415,17243,,15957,16253,,13962,16036,18408,20759,22615,24925,25712,24720,25700,24044,25175,22487,22424,,,,,,,,,12835,9190,6922,3296,,3630,4581,3510,3809,5163,10137,5636,5962,6112,7880,13938,,
Peru,PER,"Children out of school, primary, female",SE.PRM.UNER.FE,,,,,,,,,,,304910,,,,,,,,,,,157399,,,,,,,,,,,,111122,,201811,,,6115,,,,,,2219,2215,2863,2602,2505,2618,2485,13826,116214,68487,72356,29084,
Philippines,PHL,"Children out of school, primary, female",SE.PRM.UNER.FE,,,,,,,,,,,,,,,,,,,,,,272535,216714,288193,461729,,255407,288514,143060,80170,112418,,,,,,,,541019,602031,,547534,504579,510667,545535,595723,699524,678062,577724,429432,,,,70648,,,
Palau,PLW,"Children out of school, primary, female",SE.PRM.UNER.FE,,,,,,,,,,,,,,,,,,,,,,,,,,,,,,,,,,,,,,,,,,,,,,,,,,,,,,,,,88
Papua New Guinea,PNG,"Children out of school, primary, female",SE.PRM.UNER.FE,,,,,,,,,,,,,,,,,,,,,,,,,,,,,,136022,,,,,,,,,,,,,,,,,,,,,,,98137,,,,
Poland,POL,"Children out of school, primary, female",SE.PRM.UNER.FE,,,,,,,,,,,,,,,,,,,,,,,,,,,,,,,,,,,,,,,,67929,66171,60014,61881,64142,66485,67139,60621,55459,51593,41240,34555,33914,30259,29380,36064,,
Pre-demographic dividend,PRE,"Children out of school, primary, female",SE.PRM.UNER.FE,,,,,,,,,,,,,,15301618,15273573,15203141,15215965,14807622,14274443,13527689,13307281,13196877,13405060,13626730,14109936,14886706,15814630,16843688,17516026,18461384,18941000,18966824,19635578,19834340,20277312,20608216,22068468,21396832,21618846,21635772,21358304,20955852,20106852,18876710,18271452,18209712,17702400,17591640,17619564,17771152,18051788,18098900,17777774,18210920,18297840,,
Puerto Rico,PRI,"Children out of school, primary, female",SE.PRM.UNER.FE,,,,,,,,,,,,,,,,,,,,,,,,,,,,,,,,,,,,,,,,,,,,,,,,,,,14801,18848,17256,17824,16519,,
"Korea, Dem. Peopleâ€™s Rep.",PRK,"Children out of school, primary, female",SE.PRM.UNER.FE,,,,,,,,,,,,,,,,,,,,,,,,,,,,,,,,,,,,,,,,,,,,,,,,,,22579,,,,,,28463,
Portugal,PRT,"Children out of school, primary, female",SE.PRM.UNER.FE,,,,,,,,,,,,,,60366,60871,,38082,33217,20603,,21854,18526,,,,,,,,,,3109,,,6823,,,,,,,,,,,,,,,1574,1322,3339,2905,3083,4129,6581,
Paraguay,PRY,"Children out of school, primary, female",SE.PRM.UNER.FE,,,,,,,,,,,44596,,43683,,,51020,50054,48500,45002,42298,37371,32696,21999,33047,34559,35515,39568,38319,34825,29389,25219,19099,17033,15889,30052,,18093,,,10664,6940,7222,14205,17768,19573,17202,24384,31896,38254,41521,41528,40599,42488,,,,
West Bank and Gaza,PSE,"Children out of school, primary, female",SE.PRM.UNER.FE,,,,,,,,,,,,,,,,,,,,,,,,,,,,,,,,,,,,,,,,18021,18342,22139,23172,24668,29135,35384,33552,34039,30161,26775,25526,22794,17446,15835,15989,17059,
Pacific island small states,PSS,"Children out of school, primary, female",SE.PRM.UNER.FE,,,,,,,,,,,,,,,,,,,,,,,,,,,,,,,,17133,16407,13971,13267,12815,17604,13662,14431,18592,18262,13610,11764,10980,11216,10367,9717,10144,9255,8707,7632,7542,8492,8775,9027,,
Post-demographic dividend,PST,"Children out of school, primary, female",SE.PRM.UNER.FE,,,,,,,,,,,,3323796,3365673,3249830,3346103,3135524,2797392,2690550,2521465,2429223,1663378,1682304,1479939,1665235,1754563,1728848,1484264,1252722,1093923,1014807,941171,884979,1075151,1209405,1194531,1037727,1012888,855724,620359,536279,540615,489592,632502,794415,967002,861220,690751,602764,539675,622911,807512,835445,888089,1112237,946332,,
French Polynesia,PYF,"Children out of school, primary, female",SE.PRM.UNER.FE,,,,,,,,,,,,,,,,,,,,,,,,,,,,,,,,,,,,,,,,,,,,,,,,,,,,,,,,,
Qatar,QAT,"Children out of school, primary, female",SE.PRM.UNER.FE,,,,,,,,,,,,1707,1164,1086,1274,,843,1093,753,727,,891,,1290,2340,1330,849,2172,2489,3000,3823,5063,6102,6203,4908,,,,,52,565,96,942,1744,2297,,,497,,655,1395,619,301,2124,2574,1694,
Romania,ROU,"Children out of school, primary, female",SE.PRM.UNER.FE,,,,,,,,,,,,,,,,,,,,,,,,,,,,,,,,,,178349,121981,83561,66866,60777,29841,45399,44872,44584,29482,13328,5093,10450,19728,20329,23290,24675,28231,31482,36512,,,51051,
Russian Federation,RUS,"Children out of school, primary, female",SE.PRM.UNER.FE,,,,,,,,,,,,,,,,,,,,,,,,,,,,,,,,,,,111639,233891,,,,,,,,,,,168855,147590,115870,74479,,55215,54065,51620,87370,53327,
Rwanda,RWA,"Children out of school, primary, female",SE.PRM.UNER.FE,,,,,,,,,,,,,,168829,179212,188447,,181611,177199,,,,,,,,,,,,,,,,,,,,,136858,,,114772,71774,,,,,,,,,,22858,21620,36233,
South Asia,SAS,"Children out of school, primary, female",SE.PRM.UNER.FE,,,,,,,,,,,25663412,26689784,26165008,24754210,25503890,25140164,25326320,24965660,27441264,27908526,27619452,27555968,28157584,27708588,27120632,27698452,26917568,28604380,27330164,25796792,26356968,26548968,26316610,25075106,23990368,23936300,23741640,23814700,24741250,23924004,22010168,21479282,20409804,14178624,12183112,10616184,9154964,7420856,6812397,6736204,6446478,6528379,6140726,5893541,5854643,,
Saudi Arabia,SAU,"Children out of school, primary, female",SE.PRM.UNER.FE,,,,,,,,,,,,,,,,,,,,482631,,,,,,,,,,,,,,,,,,,,,,,,,,,,,,257331,156719,144865,100318,86348,84618,26416,
Sudan,SDN,"Children out of school, primary, female",SE.PRM.UNER.FE,,,,,,,,,,,,,,,,,,,,,,,,,,,,,,,,,,,,,,,,,,,,,,,,,,,,1334639,1298832,,,,
Senegal,SEN,"Children out of school, primary, female",SE.PRM.UNER.FE,,,,,,,,,,,,,,,,,,,311950,315708,324243,332268,339546,345873,355968,365100,343114,,361022,,385223,,403314,,,,408025,387095,374724,394682,370262,,,326141,343313,336849,315780,293736,287288,288471,285710,287903,261059,281479,278394,281002,
Singapore,SGP,"Children out of school, primary, female",SE.PRM.UNER.FE,,,,,,,,,,,,,,,,,,,,,,,,,,,,,,,,,,,,,,,,,,,,,,,,,,,,,,,,,
Solomon Islands,SLB,"Children out of school, primary, female",SE.PRM.UNER.FE,,,,,,,,,,,,,,,,,,,,,,,,,,,,,,,,,,,,,,,,,,,,,,9327,7488,7750,,,,,,12368,13095,12960,
Sierra Leone,SLE,"Children out of school, primary, female",SE.PRM.UNER.FE,,,,,,,,,,,,,,,,,,,,,,,,180092,,,,,,,,,,,,,,,,,,,,,,,,,,,,,6479,,,3642,
El Salvador,SLV,"Children out of school, primary, female",SE.PRM.UNER.FE,,,,,,,,,,,110538,,,,,,,,,,,,,95730,,,,,,,,,,,,,,,44348,,31540,26255,16622,15184,,12265,12826,14916,14029,13844,14173,15196,15405,14012,18824,24769,
San Marino,SMR,"Children out of school, primary, female",SE.PRM.UNER.FE,,,,,,,,,,,,,,,,,,,,,,,,,,,,,,,,,,,,,,,,,,,,,,,,,,56,,,55,,,,
Somalia,SOM,"Children out of school, primary, female",SE.PRM.UNER.FE,,,,,,,,,,,,,,,,,263584,295176,338918,375973,411031,,,,,,,,,,,,,,,,,,,,,,,,,,,,,,,,,,,,
Serbia,SRB,"Children out of school, primary, female",SE.PRM.UNER.FE,,,,,,,,,,,,,,,,,,,,,,,,,,,,,,,,,,,,,,,,,,,,,,,165,2458,2933,6110,8099,3793,5081,4595,1552,934,
Sub-Saharan Africa (excluding high income),SSA,"Children out of school, primary, female",SE.PRM.UNER.FE,,,,,,,,,,,,,,,,17628112,17754788,17447468,17142408,16635921,16322893,16040087,15961985,16321056,17045570,18002612,19126564,20244096,21108054,21527844,22309244,22355698,22963160,23325614,23769336,24091928,25362960,24571572,24606944,24507804,23909296,23333368,22969036,22068952,21398352,20489798,19706884,19093634,18696616,18807468,19238388,18880224,18580094,18483300,18537044,,
South Sudan,SSD,"Children out of school, primary, female",SE.PRM.UNER.FE,,,,,,,,,,,,,,,,,,,,,,,,,,,,,,,,,,,,,,,,,,,,,,,,,,,,564289,,,,718719,
Sub-Saharan Africa,SSF,"Children out of school, primary, female",SE.PRM.UNER.FE,,,,,,,,,,,,,,,,17628576,17755380,17448078,17143018,16636618,16323735,16040846,15962679,16321751,17046308,18003258,19127140,20244804,21108880,21528672,22310006,22356364,22963820,23326224,23769724,24092250,25363282,24571764,24606964,24507916,23909532,23333958,22969328,22069188,21398548,20490016,19707104,19093852,18696808,18807628,19238428,18880256,18580164,18483448,18537240,,
Small states,SST,"Children out of school, primary, female",SE.PRM.UNER.FE,,,,,,,,,,,330922,340861,336923,334396,315227,306508,298415,284714,295683,303668,308845,301169,291998,292799,292225,289020,298588,300565,310345,318184,350105,366516,383956,392891,385865,397211,401043,399508,400094,412235,369599,346862,338574,334464,333772,334337,325399,321622,314740,307913,288117,277779,271919,283752,280221,,
Sao Tome and Principe,STP,"Children out of school, primary, female",SE.PRM.UNER.FE,,,,,,,,,,,,,,,,,,,,,,,,245,266,,,,608,,,,,,,,,,,2114,,,,,,,,885,807,473,564,,,762,725,841,
Suriname,SUR,"Children out of school, primary, female",SE.PRM.UNER.FE,,,,,,,,,,,,,,,,,,2273,1898,,,,,,,,,,,,,,,,,,,,,,,,,,,3202,2545,3840,2277,1388,2027,2356,2153,2174,1906,1402,
Slovak Republic,SVK,"Children out of school, primary, female",SE.PRM.UNER.FE,,,,,,,,,,,,,,,,,,,,,,,,,,,,,,,,,,,,,,,,,,,,,,,,,,,,,,,,,
Slovenia,SVN,"Children out of school, primary, female",SE.PRM.UNER.FE,,,,,,,,,,,,,,,,,,,,,,,,,,,,,,,,,,,,3673,2711,2420,1052,1627,1426,1674,1266,905,78,790,1016,1320,1250,1303,1415,1338,947,1038,896,,
Sweden,SWE,"Children out of school, primary, female",SE.PRM.UNER.FE,,,,,,,,,,,,,,,,,,,,,,,12076,,,,,5681,4515,3457,1193,362,,,,,,,,,3091,,2488,4129,11554,15833,15920,11752,5325,2741,2638,2155,1486,719,525,1043,
Swaziland,SWZ,"Children out of school, primary, female",SE.PRM.UNER.FE,,,,,,,,,,,19546,20164,19893,19185,19069,18298,18397,18435,18715,18638,,16469,17078,17671,18192,17466,19218,19433,20941,21810,20937,22083,22633,25099,25215,25316,28704,,,,,,,,,,,,,24831,19312,20366,20072,22729,21604,,
Sint Maarten (Dutch part),SXM,"Children out of school, primary, female",SE.PRM.UNER.FE,,,,,,,,,,,,,,,,,,,,,,,,,,,,,,,,,,,,,,,,,,,,,,,,,,,,,,,,,
Seychelles,SYC,"Children out of school, primary, female",SE.PRM.UNER.FE,,,,,,,,,,,,,,,,,,,,697,,,,,,,,,,,,,,611,386,321,322,,,,235,589,292,234,197,218,,,,,,,,146,196,151,
Syrian Arab Republic,SYR,"Children out of school, primary, female",SE.PRM.UNER.FE,,,,,,,,,,,,255525,,211112,,,,,206483,207429,193153,191300,184573,181206,164220,148636,130707,94619,97140,93452,100509,,,,,,,95233,,,,,,,,,16425,17477,16974,19289,,,,282256,,,
Turks and Caicos Islands,TCA,"Children out of school, primary, female",SE.PRM.UNER.FE,,,,,,,,,,,,,,,,,,,,,,,,,,,,,,,,,,,,,,,,,,,,,,,,,,,,,,,,,
Chad,TCD,"Children out of school, primary, female",SE.PRM.UNER.FE,,,,,,,,,,,,,,,,270577,,281063,,,,,,,,,,,363031,,,,,,,,,435642,422317,420818,420327,423394,418995,422874,,,,,,,,482025,,356722,,,
East Asia & Pacific (IDA & IBRD countries),TEA,"Children out of school, primary, female",SE.PRM.UNER.FE,,,,,,,,,,,,,,,,,,,,,,,,,,,10951323,7059701,5344256,5091440,5369198,5163927,5198187,5794302,6644422,7776443,8558615,,7489418,5679435,5264819,4599733,2419948,2624954,2754358,4613267,4880400,3791020,3655784,3298503,2953616,2558095,2787189,2934309,2966682,,
Europe & Central Asia (IDA & IBRD countries),TEC,"Children out of school, primary, female",SE.PRM.UNER.FE,,,,,,,,,,,,,,,,,,,,,,,,,,,,,,,,,,1093703,1150155,1255000,1241841,1293249,1184884,1083625,900367,664836,510050,554423,509757,694988,654896,610106,586995,600355,543139,521516,547346,524735,568042,,
Togo,TGO,"Children out of school, primary, female",SE.PRM.UNER.FE,,,,,,,,,,,,116592,117094,,,,,,98206,96534,97433,,108770,114086,137236,146674,161704,147957,150316,153995,152584,147481,,,172024,146730,126413,136002,,,,89290,,83686,71382,71970,,73547,66111,,,,,,57537,,
Thailand,THA,"Children out of school, primary, female",SE.PRM.UNER.FE,,,,,,,,,,,,,,1016832,1017975,,,,,,,,,,,,,,,,,,,,,,,,,,,,,,,,197232,184700,165834,116198,,,,,196427,302683,
Tajikistan,TJK,"Children out of school, primary, female",SE.PRM.UNER.FE,,,,,,,,,,,,,,,,,,,,,,,,,,,,,,,,,,,,,,,,,31819,33909,21875,17973,15429,14544,16350,17651,13448,12664,11099,11301,9006,9465,9736,5605,1304
Turkmenistan,TKM,"Children out of school, primary, female",SE.PRM.UNER.FE,,,,,,,,,,,,,,,,,,,,,,,,,,,,,,,,,,,,,,,,,,,,,,,,,,,,,,,,,
Latin America & the Caribbean (IDA & IBRD countries),TLA,"Children out of school, primary, female",SE.PRM.UNER.FE,,,,,,,,,,,3452111,3473273,3455388,3388656,3323328,3352611,3270581,3095653,3018040,2710137,2687184,2476291,2512563,2544732,2590180,2519796,2553410,2527925,2592026,2780512,2637840,2551760,2350077,2286818,2424877,2436731,2360960,2280028,1785789,1427228,1235992,1221232,1243895,1530330,1404920,1252205,1408085,1547127,1315256,1211203,1210764,1219181,1297462,1633284,1669776,,
Timor-Leste,TLS,"Children out of school, primary, female",SE.PRM.UNER.FE,,,,,,,,,,,,,,,,,,,,,,,,,,,,,,,,,,,,,,,,,,,,,,,,,21877,12505,3601,1581,2656,1548,484,771,
Middle East & North Africa (IDA & IBRD countries),TMN,"Children out of school, primary, female",SE.PRM.UNER.FE,,,,,,,,,,,5412104,5578981,5205153,5150186,5159800,4842404,4605634,4461327,4355487,4584696,4218879,4362450,4196335,4163569,4069752,4101875,4056203,4003426,3952651,4064521,3660716,3576944,4268281,4276597,3913581,4301478,3811959,3871891,3823333,3709440,3452531,2899754,2413093,2109283,1836210,1779578,1689632,1444715,1366656,1280279,1120214,1092552,1067920,1255763,1380028,,
Tonga,TON,"Children out of school, primary, female",SE.PRM.UNER.FE,,,,,,,,,,,961,1006,487,,900,215,,,,,,,,478,,130,243,,,,506,,,484,,,,,433,794,,,,,,,,,,,,,,190,,,
South Asia (IDA & IBRD),TSA,"Children out of school, primary, female",SE.PRM.UNER.FE,,,,,,,,,,,25663412,26689784,26165008,24754210,25503890,25140164,25326320,24965660,27441264,27908526,27619452,27555968,28157584,27708588,27120632,27698452,26917568,28604380,27330164,25796792,26356968,26548968,26316610,25075106,23990368,23936300,23741640,23814700,24741250,23924004,22010168,21479282,20409804,14178624,12183112,10616184,9154964,7420856,6812397,6736204,6446478,6528379,6140726,5893541,5854643,,
Sub-Saharan Africa (IDA & IBRD countries),TSS,"Children out of school, primary, female",SE.PRM.UNER.FE,,,,,,,,,,,,,,,,17628576,17755380,17448078,17143018,16636618,16323735,16040846,15962679,16321751,17046308,18003258,19127140,20244804,21108880,21528672,22310006,22356364,22963820,23326224,23769724,24092250,25363282,24571764,24606964,24507916,23909532,23333958,22969328,22069188,21398548,20490016,19707104,19093852,18696808,18807628,19238428,18880256,18580164,18483448,18537240,,
Trinidad and Tobago,TTO,"Children out of school, primary, female",SE.PRM.UNER.FE,,,,,,,,,,,,6397,7256,7843,7855,6665,3219,3116,4266,7947,10760,6182,5764,4968,6237,5954,7531,6190,5489,7218,7924,10348,11003,11746,,,10620,10084,,1390,1046,1437,3273,2878,2209,4089,,2347,1383,1996,977,,,,,,
Tunisia,TUN,"Children out of school, primary, female",SE.PRM.UNER.FE,,,,,,,,,,,,159736,,,,181417,,,168091,159076,150071,139387,123295,106222,,,,,,,66869,59029,54552,46800,44807,40110,44749,48518,,43938,35210,20675,,,,6931,6739,12729,11539,8260,,,,,,,
Turkey,TUR,"Children out of school, primary, female",SE.PRM.UNER.FE,,,,,,,,,,,,,,,587586,,,,,,,,,,,,,,,,,,,,401388,413133,,926837,,311778,,,,,,,119777,,102641,168761,140732,167772,217557,189760,161178,160984,
Tuvalu,TUV,"Children out of school, primary, female",SE.PRM.UNER.FE,,,,,,,,,,,,,,,,,,,,,,,,,,,,,,,,,,,,,,,,,,,,,,,,,,,,,,,15,,
Tanzania,TZA,"Children out of school, primary, female",SE.PRM.UNER.FE,,,,,,,,,,,,,,,,,,,,,,585024,681112,715765,,881832,936308,1005925,1078998,1117018,1167515,1225513,1267426,1324900,1392995,1435894,1472219,1496436,1546681,1569249,1494911,1407554,969946,721326,583796,439653,228991,,174733,,446610,,679855,841324,952499,,
Uganda,UGA,"Children out of school, primary, female",SE.PRM.UNER.FE,,,,,,,,,,,,,,,,,,,,808693,,811032,797697,,,,700893,,,,,,,,,,,,,,,,,,,,,,,173220,288896,197645,,180660,,,
Ukraine,UKR,"Children out of school, primary, female",SE.PRM.UNER.FE,,,,,,,,,,,,,,,,,,,,,,,,,,,,,,,,,,,,,,,,,,,30625,105616,105724,95437,98243,96705,88523,73221,38242,5449,,,18974,,
Upper middle income,UMC,"Children out of school, primary, female",SE.PRM.UNER.FE,,,,,,,,,,,,,,,,,,,,,,,,,,,14315645,10697861,8925017,8322557,7517822,6928600,6903141,7511719,8638002,9791753,10794058,,7938734,6932942,6385822,5628674,3016249,2932194,2723669,4260847,4719632,4354498,3945063,3785664,3921552,3988938,4062723,4376425,4186063,,
Uruguay,URY,"Children out of school, primary, female",SE.PRM.UNER.FE,,,,,,,,,,,,,,,,,,,,,,,,,22280,,,,,,,11464,8615,7485,10075,10907,11588,11653,,,,,,,,4003,,2823,1435,1295,,,,872,8023,,
United States,USA,"Children out of school, primary, female",SE.PRM.UNER.FE,,,,,,,,,,,,,,,,,,,,,,,,,,,553310,388666,,,139641,185061,,432279,438849,314975,362908,,,259096,268623,234904,386200,460956,581278,474297,320259,249321,239583,340525,575966,636727,706575,743524,672446,634666,
Uzbekistan,UZB,"Children out of school, primary, female",SE.PRM.UNER.FE,,,,,,,,,,,,,,,,,,,,,,,,,,,,,,,,,,,,,,,,,,,,,,,,38584,57326,67202,62503,60108,48922,41076,43425,44661,42168
St. Vincent and the Grenadines,VCT,"Children out of school, primary, female",SE.PRM.UNER.FE,,,,,,,,,,,,,,,,,,,,,,,,,629,,282,,,,,,,,,,,,,,,,,,,226,,,,,,217,,307,578,78,
"Venezuela, RB",VEN,"Children out of school, primary, female",SE.PRM.UNER.FE,,,,,,,,,,,,,,,,,,,,,,,,,,,,,,,,,,,,,,,,234672,193177,149831,103276,125005,121227,138186,127590,111800,141427,111478,98313,98830,121854,132355,116395,130400,
British Virgin Islands,VGB,"Children out of school, primary, female",SE.PRM.UNER.FE,,,,,,,,,,,,,,,,,,,,,,,,,,,,,,,,,,,,,,,,,,,,,,,,,,,,,,,,,
Virgin Islands (U.S.),VIR,"Children out of school, primary, female",SE.PRM.UNER.FE,,,,,,,,,,,,,,,,,,,,,,,,,,,,,,,,,,,,,,,,,,,,,,,,,,,,,,,,,
Vietnam,VNM,"Children out of school, primary, female",SE.PRM.UNER.FE,,,,,,,,,,,,,,,,,,,,,,,,,,,,,,,,,,,,,,,,,,,,,,,,,,,,,,,,,
Vanuatu,VUT,"Children out of school, primary, female",SE.PRM.UNER.FE,,,,,,,,,,,,,,,,,,,,,,1529,,,,,,,,3017,,,,,,,,,,425,,,,,411,,,,,,,,,,,2203,
World,WLD,"Children out of school, primary, female",SE.PRM.UNER.FE,,,,,,,,,,,77881544,80720408,79874944,74482768,73687816,71036240,70705704,73709816,80308408,80995488,78424432,76345008,75406000,74831096,73656640,70491408,66668344,65231824,62882324,61808444,62783492,62601380,63676788,63606496,63623208,65337736,66724520,,63548208,61273548,57769760,55298496,51203544,44089080,41217764,40371072,38249352,34518172,32922568,32393016,31787794,31120372,30822104,31559260,31721944,,
Samoa,WSM,"Children out of school, primary, female",SE.PRM.UNER.FE,,,,,,,,,,,,,,,,,,,,,,,,,,,,,,,,,,,630,,,,71,929,967,470,,,,,,,,,391,523,354,,272,299,
Kosovo,XKX,"Children out of school, primary, female",SE.PRM.UNER.FE,,,,,,,,,,,,,,,,,,,,,,,,,,,,,,,,,,,,,,,,,,,,,,,,,,,,,,,,,
"Yemen, Rep.",YEM,"Children out of school, primary, female",SE.PRM.UNER.FE,,,,,,,,,,,,,,,,,,,,,,,,,,,,,,,,,,,,,,,,928880,,,,737671,684146,623264,,,561850,,492662,,435504,423470,,,
South Africa,ZAF,"Children out of school, primary, female",SE.PRM.UNER.FE,,,,,,,,,,,673572,,,,,,,,,,,,,,,,,,,,,293856,,,183683,150054,,,118970,90769,183279,174477,170495,169266,175537,208346,,,,,,,,,,,
Zambia,ZMB,"Children out of school, primary, female",SE.PRM.UNER.FE,,,,,,,,,,,,,111157,,,,120731,126000,135426,140893,144347,147339,152570,148622,148062,,148166,,170399,,,,,,258429,283897,,,344141,367232,369246,373698,349358,,209945,108346,121390,103029,,125226,164998,117723,95905,147141,,,
Zimbabwe,ZWE,"Children out of school, primary, female",SE.PRM.UNER.FE,,,,,,,,,,,,,,,,,,,,,,,,,,,,,,,,,,,,,,,218525,195158,187415,156802,194836,203111,,,,,,,,,130366,172963,,,
